trace_id,point_index,relative_position,mean,std
0.000000000000000000e+00,0.000000000000000000e+00,0.000000000000000000e+00,-4.159909084749053437e-02,4.000000000000000083e-02
0.000000000000000000e+00,1.000000000000000000e+00,2.040816326530612082e-02,1.067460804837722377e-01,4.000000000000000083e-02
0.000000000000000000e+00,2.000000000000000000e+00,4.081632653061224164e-02,1.898250127011384958e-01,4.000000000000000083e-02
0.000000000000000000e+00,3.000000000000000000e+00,6.122448979591836593e-02,1.471661323180419867e-01,4.000000000000000083e-02
0.000000000000000000e+00,4.000000000000000000e+00,8.163265306122448328e-02,2.425467188653396833e-01,4.000000000000000083e-02
0.000000000000000000e+00,5.000000000000000000e+00,1.020408163265306006e-01,3.647470125688913600e-01,4.000000000000000083e-02
0.000000000000000000e+00,6.000000000000000000e+00,1.224489795918367319e-01,4.073000478255046075e-01,4.000000000000000083e-02
0.000000000000000000e+00,7.000000000000000000e+00,1.428571428571428492e-01,4.758123148841764682e-01,4.000000000000000083e-02
0.000000000000000000e+00,8.000000000000000000e+00,1.632653061224489666e-01,4.978160009133827391e-01,4.000000000000000083e-02
0.000000000000000000e+00,9.000000000000000000e+00,1.836734693877550839e-01,6.260724537313171467e-01,4.000000000000000083e-02
0.000000000000000000e+00,1.000000000000000000e+01,2.040816326530612013e-01,6.894403480319606370e-01,4.000000000000000083e-02
0.000000000000000000e+00,1.100000000000000000e+01,2.244897959183673186e-01,7.385498192683604968e-01,4.000000000000000083e-02
0.000000000000000000e+00,1.200000000000000000e+01,2.448979591836734637e-01,8.625692339246452400e-01,4.000000000000000083e-02
0.000000000000000000e+00,1.300000000000000000e+01,2.653061224489795533e-01,9.059219120213360954e-01,4.000000000000000083e-02
0.000000000000000000e+00,1.400000000000000000e+01,2.857142857142856984e-01,8.896004031298045955e-01,4.000000000000000083e-02
0.000000000000000000e+00,1.500000000000000000e+01,3.061224489795917880e-01,9.257871489211169092e-01,4.000000000000000083e-02
0.000000000000000000e+00,1.600000000000000000e+01,3.265306122448979331e-01,8.071524301389356726e-01,4.000000000000000083e-02
0.000000000000000000e+00,1.700000000000000000e+01,3.469387755102040782e-01,7.753025805794893088e-01,4.000000000000000083e-02
0.000000000000000000e+00,1.800000000000000000e+01,3.673469387755101678e-01,6.144709546547474366e-01,4.000000000000000083e-02
0.000000000000000000e+00,1.900000000000000000e+01,3.877551020408163129e-01,4.866158715826842673e-01,4.000000000000000083e-02
0.000000000000000000e+00,2.000000000000000000e+01,4.081632653061224025e-01,3.563401011789396056e-01,4.000000000000000083e-02
0.000000000000000000e+00,2.100000000000000000e+01,4.285714285714285476e-01,3.356757833405383806e-01,4.000000000000000083e-02
0.000000000000000000e+00,2.200000000000000000e+01,4.489795918367346372e-01,1.937969951541294589e-01,4.000000000000000083e-02
0.000000000000000000e+00,2.300000000000000000e+01,4.693877551020407823e-01,1.015162450179093040e-01,4.000000000000000083e-02
0.000000000000000000e+00,2.400000000000000000e+01,4.897959183673469274e-01,2.561455780351504230e-02,4.000000000000000083e-02
0.000000000000000000e+00,2.500000000000000000e+01,5.102040816326530726e-01,-1.679968139716843042e-02,4.000000000000000083e-02
0.000000000000000000e+00,2.600000000000000000e+01,5.306122448979591066e-01,-1.000030471989544339e-01,4.000000000000000083e-02
0.000000000000000000e+00,2.700000000000000000e+01,5.510204081632652517e-01,-1.726268759615182669e-01,4.000000000000000083e-02
0.000000000000000000e+00,2.800000000000000000e+01,5.714285714285713969e-01,-2.436372174479402297e-01,4.000000000000000083e-02
0.000000000000000000e+00,2.900000000000000000e+01,5.918367346938775420e-01,-2.442628431095850705e-01,4.000000000000000083e-02
0.000000000000000000e+00,3.000000000000000000e+01,6.122448979591835760e-01,-4.151292909000385278e-01,4.000000000000000083e-02
0.000000000000000000e+00,3.100000000000000000e+01,6.326530612244897211e-01,-4.946853522452003271e-01,4.000000000000000083e-02
0.000000000000000000e+00,3.200000000000000000e+01,6.530612244897958663e-01,-5.966634934436508830e-01,4.000000000000000083e-02
0.000000000000000000e+00,3.300000000000000000e+01,6.734693877551020114e-01,-6.443291634903300924e-01,4.000000000000000083e-02
0.000000000000000000e+00,3.400000000000000000e+01,6.938775510204081565e-01,-7.247548643535624002e-01,4.000000000000000083e-02
0.000000000000000000e+00,3.500000000000000000e+01,7.142857142857141906e-01,-8.372573246773574729e-01,4.000000000000000083e-02
0.000000000000000000e+00,3.600000000000000000e+01,7.346938775510203357e-01,-8.662807438943889160e-01,4.000000000000000083e-02
0.000000000000000000e+00,3.700000000000000000e+01,7.551020408163264808e-01,-8.102110112190217261e-01,4.000000000000000083e-02
0.000000000000000000e+00,3.800000000000000000e+01,7.755102040816326259e-01,-6.725062983844396491e-01,4.000000000000000083e-02
0.000000000000000000e+00,3.900000000000000000e+01,7.959183673469386600e-01,-5.958942465727996574e-01,4.000000000000000083e-02
0.000000000000000000e+00,4.000000000000000000e+01,8.163265306122448051e-01,-5.459133745269971749e-01,4.000000000000000083e-02
0.000000000000000000e+00,4.100000000000000000e+01,8.367346938775509502e-01,-5.453817027325992273e-01,4.000000000000000083e-02
0.000000000000000000e+00,4.200000000000000000e+01,8.571428571428570953e-01,-4.611582129936286356e-01,4.000000000000000083e-02
0.000000000000000000e+00,4.300000000000000000e+01,8.775510204081632404e-01,-4.129952844500637821e-01,4.000000000000000083e-02
0.000000000000000000e+00,4.400000000000000000e+01,8.979591836734692745e-01,-3.501565680682017234e-01,4.000000000000000083e-02
0.000000000000000000e+00,4.500000000000000000e+01,9.183673469387754196e-01,-2.595778562668754619e-01,4.000000000000000083e-02
0.000000000000000000e+00,4.600000000000000000e+01,9.387755102040815647e-01,-2.162168016137103188e-01,4.000000000000000083e-02
0.000000000000000000e+00,4.700000000000000000e+01,9.591836734693877098e-01,-1.250362391858616806e-01,4.000000000000000083e-02
0.000000000000000000e+00,4.800000000000000000e+01,9.795918367346938549e-01,-7.402313608655579358e-02,4.000000000000000083e-02
0.000000000000000000e+00,4.900000000000000000e+01,1.000000000000000000e+00,1.156477586050861685e-02,4.000000000000000083e-02
1.000000000000000000e+00,0.000000000000000000e+00,0.000000000000000000e+00,3.156468469405630806e-02,5.000000000000000278e-02
1.000000000000000000e+00,1.000000000000000000e+00,1.388888888888888812e-02,-2.056336990655226876e-02,5.000000000000000278e-02
1.000000000000000000e+00,2.000000000000000000e+00,2.777777777777777624e-02,8.820862233487819504e-02,5.000000000000000278e-02
1.000000000000000000e+00,3.000000000000000000e+00,4.166666666666666435e-02,1.317831566142567690e-01,5.000000000000000278e-02
1.000000000000000000e+00,4.000000000000000000e+00,5.555555555555555247e-02,1.732990476535439528e-01,5.000000000000000278e-02
1.000000000000000000e+00,5.000000000000000000e+00,6.944444444444444753e-02,2.399003393138843532e-01,5.000000000000000278e-02
1.000000000000000000e+00,6.000000000000000000e+00,8.333333333333332871e-02,3.749753560727382418e-01,5.000000000000000278e-02
1.000000000000000000e+00,7.000000000000000000e+00,9.722222222222220989e-02,3.014215966232194344e-01,5.000000000000000278e-02
1.000000000000000000e+00,8.000000000000000000e+00,1.111111111111111049e-01,4.354137047975416008e-01,5.000000000000000278e-02
1.000000000000000000e+00,9.000000000000000000e+00,1.250000000000000000e-01,3.430440666124665583e-01,5.000000000000000278e-02
1.000000000000000000e+00,1.000000000000000000e+01,1.388888888888888951e-01,4.489452929350846722e-01,5.000000000000000278e-02
1.000000000000000000e+00,1.100000000000000000e+01,1.527777777777777624e-01,5.114668343569883646e-01,5.000000000000000278e-02
1.000000000000000000e+00,1.200000000000000000e+01,1.666666666666666574e-01,5.706881422463677689e-01,5.000000000000000278e-02
1.000000000000000000e+00,1.300000000000000000e+01,1.805555555555555525e-01,6.170105108628709534e-01,5.000000000000000278e-02
1.000000000000000000e+00,1.400000000000000000e+01,1.944444444444444198e-01,6.648577455892301646e-01,5.000000000000000278e-02
1.000000000000000000e+00,1.500000000000000000e+01,2.083333333333333148e-01,6.562795871406956749e-01,5.000000000000000278e-02
1.000000000000000000e+00,1.600000000000000000e+01,2.222222222222222099e-01,7.037755242709448078e-01,5.000000000000000278e-02
1.000000000000000000e+00,1.700000000000000000e+01,2.361111111111111049e-01,8.255781768899125295e-01,5.000000000000000278e-02
1.000000000000000000e+00,1.800000000000000000e+01,2.500000000000000000e-01,8.272566299125243550e-01,5.000000000000000278e-02
1.000000000000000000e+00,1.900000000000000000e+01,2.638888888888888951e-01,8.194151437809753524e-01,5.000000000000000278e-02
1.000000000000000000e+00,2.000000000000000000e+01,2.777777777777777901e-01,8.582297341806848223e-01,5.000000000000000278e-02
1.000000000000000000e+00,2.100000000000000000e+01,2.916666666666666297e-01,8.798056681714204741e-01,5.000000000000000278e-02
1.000000000000000000e+00,2.200000000000000000e+01,3.055555555555555247e-01,9.369897872778615300e-01,5.000000000000000278e-02
1.000000000000000000e+00,2.300000000000000000e+01,3.194444444444444198e-01,8.808282521650288022e-01,5.000000000000000278e-02
1.000000000000000000e+00,2.400000000000000000e+01,3.333333333333333148e-01,8.483578201411285935e-01,5.000000000000000278e-02
1.000000000000000000e+00,2.500000000000000000e+01,3.472222222222222099e-01,7.171574857867053510e-01,5.000000000000000278e-02
1.000000000000000000e+00,2.600000000000000000e+01,3.611111111111111049e-01,6.628282790943841318e-01,5.000000000000000278e-02
1.000000000000000000e+00,2.700000000000000000e+01,3.750000000000000000e-01,6.008764784489386557e-01,5.000000000000000278e-02
1.000000000000000000e+00,2.800000000000000000e+01,3.888888888888888395e-01,4.720413994284055059e-01,5.000000000000000278e-02
1.000000000000000000e+00,2.900000000000000000e+01,4.027777777777777346e-01,4.341677397052016718e-01,5.000000000000000278e-02
1.000000000000000000e+00,3.000000000000000000e+01,4.166666666666666297e-01,3.086327326820873518e-01,5.000000000000000278e-02
1.000000000000000000e+00,3.100000000000000000e+01,4.305555555555555247e-01,2.598208842365412607e-01,5.000000000000000278e-02
1.000000000000000000e+00,3.200000000000000000e+01,4.444444444444444198e-01,1.995607157456243952e-01,5.000000000000000278e-02
1.000000000000000000e+00,3.300000000000000000e+01,4.583333333333333148e-01,1.024639896727046751e-01,5.000000000000000278e-02
1.000000000000000000e+00,3.400000000000000000e+01,4.722222222222222099e-01,1.319365198915163906e-01,5.000000000000000278e-02
1.000000000000000000e+00,3.500000000000000000e+01,4.861111111111111049e-01,3.038507963116018895e-02,5.000000000000000278e-02
1.000000000000000000e+00,3.600000000000000000e+01,5.000000000000000000e-01,1.300002564342356455e-03,5.000000000000000278e-02
1.000000000000000000e+00,3.700000000000000000e+01,5.138888888888888395e-01,-2.798278957395544664e-02,5.000000000000000278e-02
1.000000000000000000e+00,3.800000000000000000e+01,5.277777777777777901e-01,-8.176553476662598574e-02,5.000000000000000278e-02
1.000000000000000000e+00,3.900000000000000000e+01,5.416666666666666297e-01,-1.220204898359068257e-01,5.000000000000000278e-02
1.000000000000000000e+00,4.000000000000000000e+01,5.555555555555555802e-01,-2.102600769420562565e-01,5.000000000000000278e-02
1.000000000000000000e+00,4.100000000000000000e+01,5.694444444444444198e-01,-2.751924678250595724e-01,5.000000000000000278e-02
1.000000000000000000e+00,4.200000000000000000e+01,5.833333333333332593e-01,-3.053800730601156088e-01,5.000000000000000278e-02
1.000000000000000000e+00,4.300000000000000000e+01,5.972222222222222099e-01,-4.323089296498607847e-01,5.000000000000000278e-02
1.000000000000000000e+00,4.400000000000000000e+01,6.111111111111110494e-01,-4.673085268794186509e-01,5.000000000000000278e-02
1.000000000000000000e+00,4.500000000000000000e+01,6.250000000000000000e-01,-5.107782601893459118e-01,5.000000000000000278e-02
1.000000000000000000e+00,4.600000000000000000e+01,6.388888888888888395e-01,-5.496926395959947920e-01,5.000000000000000278e-02
1.000000000000000000e+00,4.700000000000000000e+01,6.527777777777777901e-01,-5.427551026769851239e-01,5.000000000000000278e-02
1.000000000000000000e+00,4.800000000000000000e+01,6.666666666666666297e-01,-6.783363869049203743e-01,5.000000000000000278e-02
1.000000000000000000e+00,4.900000000000000000e+01,6.805555555555554692e-01,-7.249652021342058994e-01,5.000000000000000278e-02
1.000000000000000000e+00,5.000000000000000000e+01,6.944444444444444198e-01,-7.073768816094007095e-01,5.000000000000000278e-02
1.000000000000000000e+00,5.100000000000000000e+01,7.083333333333332593e-01,-8.380929896661397649e-01,5.000000000000000278e-02
1.000000000000000000e+00,5.200000000000000000e+01,7.222222222222222099e-01,-8.036661729576107804e-01,5.000000000000000278e-02
1.000000000000000000e+00,5.300000000000000000e+01,7.361111111111110494e-01,-8.770066541712776553e-01,5.000000000000000278e-02
1.000000000000000000e+00,5.400000000000000000e+01,7.500000000000000000e-01,-8.049720736612262506e-01,5.000000000000000278e-02
1.000000000000000000e+00,5.500000000000000000e+01,7.638888888888888395e-01,-7.916257042242293984e-01,5.000000000000000278e-02
1.000000000000000000e+00,5.600000000000000000e+01,7.777777777777776791e-01,-7.067416474538141813e-01,5.000000000000000278e-02
1.000000000000000000e+00,5.700000000000000000e+01,7.916666666666666297e-01,-5.975652236502887460e-01,5.000000000000000278e-02
1.000000000000000000e+00,5.800000000000000000e+01,8.055555555555554692e-01,-6.829084544222816522e-01,5.000000000000000278e-02
1.000000000000000000e+00,5.900000000000000000e+01,8.194444444444444198e-01,-5.380934842276010599e-01,5.000000000000000278e-02
1.000000000000000000e+00,6.000000000000000000e+01,8.333333333333332593e-01,-5.147822142207501006e-01,5.000000000000000278e-02
1.000000000000000000e+00,6.100000000000000000e+01,8.472222222222222099e-01,-5.239871869743770727e-01,5.000000000000000278e-02
1.000000000000000000e+00,6.200000000000000000e+01,8.611111111111110494e-01,-5.329198597160469397e-01,5.000000000000000278e-02
1.000000000000000000e+00,6.300000000000000000e+01,8.750000000000000000e-01,-4.209735499968043082e-01,5.000000000000000278e-02
1.000000000000000000e+00,6.400000000000000000e+01,8.888888888888888395e-01,-4.122377631796348418e-01,5.000000000000000278e-02
1.000000000000000000e+00,6.500000000000000000e+01,9.027777777777776791e-01,-3.325353708630254257e-01,5.000000000000000278e-02
1.000000000000000000e+00,6.600000000000000000e+01,9.166666666666666297e-01,-2.989127872730280022e-01,5.000000000000000278e-02
1.000000000000000000e+00,6.700000000000000000e+01,9.305555555555554692e-01,-1.734831335843183275e-01,5.000000000000000278e-02
1.000000000000000000e+00,6.800000000000000000e+01,9.444444444444444198e-01,-2.171800766819371453e-01,5.000000000000000278e-02
1.000000000000000000e+00,6.900000000000000000e+01,9.583333333333332593e-01,-2.064663368003628319e-01,5.000000000000000278e-02
1.000000000000000000e+00,7.000000000000000000e+01,9.722222222222222099e-01,-9.522513014249266161e-02,5.000000000000000278e-02
1.000000000000000000e+00,7.100000000000000000e+01,9.861111111111110494e-01,-4.129361216613541830e-02,5.000000000000000278e-02
1.000000000000000000e+00,7.200000000000000000e+01,1.000000000000000000e+00,6.795937867493108409e-02,5.000000000000000278e-02
2.000000000000000000e+00,0.000000000000000000e+00,0.000000000000000000e+00,2.141253695109985103e-02,5.999999999999999778e-02
2.000000000000000000e+00,1.000000000000000000e+00,1.886792452830188607e-02,1.587635925662300163e-01,5.999999999999999778e-02
2.000000000000000000e+00,2.000000000000000000e+00,3.773584905660377214e-02,6.961337067193446027e-02,5.999999999999999778e-02
2.000000000000000000e+00,3.000000000000000000e+00,5.660377358490566169e-02,1.705693097864766639e-01,5.999999999999999778e-02
2.000000000000000000e+00,4.000000000000000000e+00,7.547169811320754429e-02,2.185157619776211813e-01,5.999999999999999778e-02
2.000000000000000000e+00,5.000000000000000000e+00,9.433962264150942689e-02,3.122714380807896095e-01,5.999999999999999778e-02
2.000000000000000000e+00,6.000000000000000000e+00,1.132075471698113234e-01,3.105931278167692322e-01,5.999999999999999778e-02
2.000000000000000000e+00,7.000000000000000000e+00,1.320754716981132060e-01,4.850802229971069579e-01,5.999999999999999778e-02
2.000000000000000000e+00,8.000000000000000000e+00,1.509433962264150886e-01,4.850329408324621783e-01,5.999999999999999778e-02
2.000000000000000000e+00,9.000000000000000000e+00,1.698113207547169712e-01,4.619626930231093276e-01,5.999999999999999778e-02
2.000000000000000000e+00,1.000000000000000000e+01,1.886792452830188538e-01,5.455619188092193372e-01,5.999999999999999778e-02
2.000000000000000000e+00,1.100000000000000000e+01,2.075471698113207364e-01,6.896468138143435622e-01,5.999999999999999778e-02
2.000000000000000000e+00,1.200000000000000000e+01,2.264150943396226467e-01,7.938985719558864229e-01,5.999999999999999778e-02
2.000000000000000000e+00,1.300000000000000000e+01,2.452830188679245293e-01,9.387719708479917990e-01,5.999999999999999778e-02
2.000000000000000000e+00,1.400000000000000000e+01,2.641509433962264120e-01,1.058786704616100804e+00,5.999999999999999778e-02
2.000000000000000000e+00,1.500000000000000000e+01,2.830188679245282946e-01,9.465788196462582293e-01,5.999999999999999778e-02
2.000000000000000000e+00,1.600000000000000000e+01,3.018867924528301772e-01,8.588288925263394269e-01,5.999999999999999778e-02
2.000000000000000000e+00,1.700000000000000000e+01,3.207547169811320598e-01,7.409741038106195665e-01,5.999999999999999778e-02
2.000000000000000000e+00,1.800000000000000000e+01,3.396226415094339424e-01,7.972832636489621816e-01,5.999999999999999778e-02
2.000000000000000000e+00,1.900000000000000000e+01,3.584905660377358250e-01,6.222135239053417921e-01,5.999999999999999778e-02
2.000000000000000000e+00,2.000000000000000000e+01,3.773584905660377076e-01,5.304070198420064441e-01,5.999999999999999778e-02
2.000000000000000000e+00,2.100000000000000000e+01,3.962264150943395902e-01,4.097169817843789863e-01,5.999999999999999778e-02
2.000000000000000000e+00,2.200000000000000000e+01,4.150943396226414728e-01,3.408451651251930281e-01,5.999999999999999778e-02
2.000000000000000000e+00,2.300000000000000000e+01,4.339622641509433554e-01,3.270304746283259067e-01,5.999999999999999778e-02
2.000000000000000000e+00,2.400000000000000000e+01,4.528301886792452935e-01,1.937580413901643650e-01,5.999999999999999778e-02
2.000000000000000000e+00,2.500000000000000000e+01,4.716981132075471761e-01,1.001121561763493178e-01,5.999999999999999778e-02
2.000000000000000000e+00,2.600000000000000000e+01,4.905660377358490587e-01,-2.539336530343568044e-02,5.999999999999999778e-02
2.000000000000000000e+00,2.700000000000000000e+01,5.094339622641509413e-01,-1.356569698778440358e-01,5.999999999999999778e-02
2.000000000000000000e+00,2.800000000000000000e+01,5.283018867924528239e-01,-1.352201966396130162e-01,5.999999999999999778e-02
2.000000000000000000e+00,2.900000000000000000e+01,5.471698113207547065e-01,-1.784982865881711012e-01,5.999999999999999778e-02
2.000000000000000000e+00,3.000000000000000000e+01,5.660377358490565891e-01,-1.361381381121356537e-01,5.999999999999999778e-02
2.000000000000000000e+00,3.100000000000000000e+01,5.849056603773584717e-01,-2.988723817623477608e-01,5.999999999999999778e-02
2.000000000000000000e+00,3.200000000000000000e+01,6.037735849056603543e-01,-3.109809665186782923e-01,5.999999999999999778e-02
2.000000000000000000e+00,3.300000000000000000e+01,6.226415094339622369e-01,-4.658545812571419087e-01,5.999999999999999778e-02
2.000000000000000000e+00,3.400000000000000000e+01,6.415094339622641195e-01,-5.821675284701668396e-01,5.999999999999999778e-02
2.000000000000000000e+00,3.500000000000000000e+01,6.603773584905660021e-01,-6.583949437091465295e-01,5.999999999999999778e-02
2.000000000000000000e+00,3.600000000000000000e+01,6.792452830188678847e-01,-7.427964517898187902e-01,5.999999999999999778e-02
2.000000000000000000e+00,3.700000000000000000e+01,6.981132075471697673e-01,-6.595398163446125617e-01,5.999999999999999778e-02
2.000000000000000000e+00,3.800000000000000000e+01,7.169811320754716499e-01,-8.857850101899771289e-01,5.999999999999999778e-02
2.000000000000000000e+00,3.900000000000000000e+01,7.358490566037735325e-01,-7.804712932967518002e-01,5.999999999999999778e-02
2.000000000000000000e+00,4.000000000000000000e+01,7.547169811320754151e-01,-8.327829821932458687e-01,5.999999999999999778e-02
2.000000000000000000e+00,4.100000000000000000e+01,7.735849056603772977e-01,-6.501324532311543170e-01,5.999999999999999778e-02
2.000000000000000000e+00,4.200000000000000000e+01,7.924528301886791803e-01,-6.138496955009319356e-01,5.999999999999999778e-02
2.000000000000000000e+00,4.300000000000000000e+01,8.113207547169810629e-01,-5.900660252338859602e-01,5.999999999999999778e-02
2.000000000000000000e+00,4.400000000000000000e+01,8.301886792452829456e-01,-5.364613612578514878e-01,5.999999999999999778e-02
2.000000000000000000e+00,4.500000000000000000e+01,8.490566037735848282e-01,-5.292264879763718399e-01,5.999999999999999778e-02
2.000000000000000000e+00,4.600000000000000000e+01,8.679245283018867108e-01,-4.165086868535360920e-01,5.999999999999999778e-02
2.000000000000000000e+00,4.700000000000000000e+01,8.867924528301885934e-01,-4.191023936642118142e-01,5.999999999999999778e-02
2.000000000000000000e+00,4.800000000000000000e+01,9.056603773584905870e-01,-4.087417672142397151e-01,5.999999999999999778e-02
2.000000000000000000e+00,4.900000000000000000e+01,9.245283018867924696e-01,-3.506560431505607589e-01,5.999999999999999778e-02
2.000000000000000000e+00,5.000000000000000000e+01,9.433962264150943522e-01,-1.985659446637801917e-01,5.999999999999999778e-02
2.000000000000000000e+00,5.100000000000000000e+01,9.622641509433962348e-01,-4.618617285710170661e-02,5.999999999999999778e-02
2.000000000000000000e+00,5.200000000000000000e+01,9.811320754716981174e-01,-6.136440722326641506e-02,5.999999999999999778e-02
2.000000000000000000e+00,5.300000000000000000e+01,1.000000000000000000e+00,-7.118299653683702460e-03,5.999999999999999778e-02
3.000000000000000000e+00,0.000000000000000000e+00,0.000000000000000000e+00,2.000810317430729360e-02,7.000000000000000666e-02
3.000000000000000000e+00,1.000000000000000000e+00,1.754385964912280604e-02,1.574264041500743894e-01,7.000000000000000666e-02
3.000000000000000000e+00,2.000000000000000000e+00,3.508771929824561209e-02,1.465714812530945488e-01,7.000000000000000666e-02
3.000000000000000000e+00,3.000000000000000000e+00,5.263157894736841813e-02,1.660794203505205624e-01,7.000000000000000666e-02
3.000000000000000000e+00,4.000000000000000000e+00,7.017543859649122417e-02,3.335972357487715367e-01,7.000000000000000666e-02
3.000000000000000000e+00,5.000000000000000000e+00,8.771929824561403022e-02,3.445230035622344755e-01,7.000000000000000666e-02
3.000000000000000000e+00,6.000000000000000000e+00,1.052631578947368363e-01,4.769653236318146527e-01,7.000000000000000666e-02
3.000000000000000000e+00,7.000000000000000000e+00,1.228070175438596423e-01,4.337956281783928447e-01,7.000000000000000666e-02
3.000000000000000000e+00,8.000000000000000000e+00,1.403508771929824483e-01,3.839609632169559417e-01,7.000000000000000666e-02
3.000000000000000000e+00,9.000000000000000000e+00,1.578947368421052544e-01,4.214477400585853184e-01,7.000000000000000666e-02
3.000000000000000000e+00,1.000000000000000000e+01,1.754385964912280604e-01,6.819064122714595388e-01,7.000000000000000666e-02
3.000000000000000000e+00,1.100000000000000000e+01,1.929824561403508665e-01,7.410290437750804982e-01,7.000000000000000666e-02
3.000000000000000000e+00,1.200000000000000000e+01,2.105263157894736725e-01,6.692637264909768735e-01,7.000000000000000666e-02
3.000000000000000000e+00,1.300000000000000000e+01,2.280701754385964786e-01,7.234363782894088768e-01,7.000000000000000666e-02
3.000000000000000000e+00,1.400000000000000000e+01,2.456140350877192846e-01,9.225455090021307258e-01,7.000000000000000666e-02
3.000000000000000000e+00,1.500000000000000000e+01,2.631578947368420907e-01,8.035712216182286927e-01,7.000000000000000666e-02
3.000000000000000000e+00,1.600000000000000000e+01,2.807017543859648967e-01,8.564544152489856899e-01,7.000000000000000666e-02
3.000000000000000000e+00,1.700000000000000000e+01,2.982456140350877027e-01,9.675075962018349074e-01,7.000000000000000666e-02
3.000000000000000000e+00,1.800000000000000000e+01,3.157894736842105088e-01,8.584697712929181268e-01,7.000000000000000666e-02
3.000000000000000000e+00,1.900000000000000000e+01,3.333333333333333148e-01,8.134750217673351047e-01,7.000000000000000666e-02
3.000000000000000000e+00,2.000000000000000000e+01,3.508771929824561209e-01,7.055880527411133585e-01,7.000000000000000666e-02
3.000000000000000000e+00,2.100000000000000000e+01,3.684210526315789269e-01,6.334840975609786762e-01,7.000000000000000666e-02
3.000000000000000000e+00,2.200000000000000000e+01,3.859649122807017330e-01,6.028801309624681748e-01,7.000000000000000666e-02
3.000000000000000000e+00,2.300000000000000000e+01,4.035087719298245390e-01,4.138444547962668030e-01,7.000000000000000666e-02
3.000000000000000000e+00,2.400000000000000000e+01,4.210526315789473450e-01,3.660999332566788889e-01,7.000000000000000666e-02
3.000000000000000000e+00,2.500000000000000000e+01,4.385964912280701511e-01,9.967459691491567519e-02,7.000000000000000666e-02
3.000000000000000000e+00,2.600000000000000000e+01,4.561403508771929571e-01,1.676087301222085602e-01,7.000000000000000666e-02
3.000000000000000000e+00,2.700000000000000000e+01,4.736842105263157632e-01,4.287137954444270038e-02,7.000000000000000666e-02
3.000000000000000000e+00,2.800000000000000000e+01,4.912280701754385692e-01,-5.110931531069800443e-02,7.000000000000000666e-02
3.000000000000000000e+00,2.900000000000000000e+01,5.087719298245614308e-01,-9.413851917311183426e-02,7.000000000000000666e-02
3.000000000000000000e+00,3.000000000000000000e+01,5.263157894736841813e-01,-1.220357823692487242e-01,7.000000000000000666e-02
3.000000000000000000e+00,3.100000000000000000e+01,5.438596491228069318e-01,-9.916183659680703755e-02,7.000000000000000666e-02
3.000000000000000000e+00,3.200000000000000000e+01,5.614035087719297934e-01,-3.188560139239749458e-01,7.000000000000000666e-02
3.000000000000000000e+00,3.300000000000000000e+01,5.789473684210526550e-01,-2.844172459282098275e-01,7.000000000000000666e-02
3.000000000000000000e+00,3.400000000000000000e+01,5.964912280701754055e-01,-3.793878147190591910e-01,7.000000000000000666e-02
3.000000000000000000e+00,3.500000000000000000e+01,6.140350877192981560e-01,-4.280380976300096618e-01,7.000000000000000666e-02
3.000000000000000000e+00,3.600000000000000000e+01,6.315789473684210176e-01,-3.997359198506562628e-01,7.000000000000000666e-02
3.000000000000000000e+00,3.700000000000000000e+01,6.491228070175438791e-01,-5.077221136655976075e-01,7.000000000000000666e-02
3.000000000000000000e+00,3.800000000000000000e+01,6.666666666666666297e-01,-5.394445666159252140e-01,7.000000000000000666e-02
3.000000000000000000e+00,3.900000000000000000e+01,6.842105263157893802e-01,-7.354322630223084634e-01,7.000000000000000666e-02
3.000000000000000000e+00,4.000000000000000000e+01,7.017543859649122417e-01,-8.492774637260027681e-01,7.000000000000000666e-02
3.000000000000000000e+00,4.100000000000000000e+01,7.192982456140351033e-01,-8.545068169148295478e-01,7.000000000000000666e-02
3.000000000000000000e+00,4.200000000000000000e+01,7.368421052631578538e-01,-8.120336158090792900e-01,7.000000000000000666e-02
3.000000000000000000e+00,4.300000000000000000e+01,7.543859649122806044e-01,-7.674230523670398929e-01,7.000000000000000666e-02
3.000000000000000000e+00,4.400000000000000000e+01,7.719298245614034659e-01,-7.884201350296825561e-01,7.000000000000000666e-02
3.000000000000000000e+00,4.500000000000000000e+01,7.894736842105263275e-01,-6.407201622416692777e-01,7.000000000000000666e-02
3.000000000000000000e+00,4.600000000000000000e+01,8.070175438596490780e-01,-5.764425428471454671e-01,7.000000000000000666e-02
3.000000000000000000e+00,4.700000000000000000e+01,8.245614035087718285e-01,-3.711243891115544313e-01,7.000000000000000666e-02
3.000000000000000000e+00,4.800000000000000000e+01,8.421052631578946901e-01,-3.748951844345367879e-01,7.000000000000000666e-02
3.000000000000000000e+00,4.900000000000000000e+01,8.596491228070175517e-01,-5.239869281988855931e-01,7.000000000000000666e-02
3.000000000000000000e+00,5.000000000000000000e+01,8.771929824561403022e-01,-4.387561532280064847e-01,7.000000000000000666e-02
3.000000000000000000e+00,5.100000000000000000e+01,8.947368421052630527e-01,-4.710203909105506459e-01,7.000000000000000666e-02
3.000000000000000000e+00,5.200000000000000000e+01,9.122807017543859143e-01,-3.555619040310825651e-01,7.000000000000000666e-02
3.000000000000000000e+00,5.300000000000000000e+01,9.298245614035087758e-01,-2.339747320529755870e-01,7.000000000000000666e-02
3.000000000000000000e+00,5.400000000000000000e+01,9.473684210526315264e-01,-1.104100730790399110e-01,7.000000000000000666e-02
3.000000000000000000e+00,5.500000000000000000e+01,9.649122807017542769e-01,-1.822445378825509610e-01,7.000000000000000666e-02
3.000000000000000000e+00,5.600000000000000000e+01,9.824561403508771384e-01,-1.117951846259501031e-01,7.000000000000000666e-02
3.000000000000000000e+00,5.700000000000000000e+01,1.000000000000000000e+00,-1.503102321687966036e-01,7.000000000000000666e-02
4.000000000000000000e+00,0.000000000000000000e+00,0.000000000000000000e+00,-4.249630307225323728e-02,4.000000000000000083e-02
4.000000000000000000e+00,1.000000000000000000e+00,1.724137931034482735e-02,4.369514801772651780e-02,4.000000000000000083e-02
4.000000000000000000e+00,2.000000000000000000e+00,3.448275862068965469e-02,9.391358850226752542e-02,4.000000000000000083e-02
4.000000000000000000e+00,3.000000000000000000e+00,5.172413793103448204e-02,1.878333883973374308e-01,4.000000000000000083e-02
4.000000000000000000e+00,4.000000000000000000e+00,6.896551724137930939e-02,1.817078834299611090e-01,4.000000000000000083e-02
4.000000000000000000e+00,5.000000000000000000e+00,8.620689655172414367e-02,2.509274699911833162e-01,4.000000000000000083e-02
4.000000000000000000e+00,6.000000000000000000e+00,1.034482758620689641e-01,4.491110150267932366e-01,4.000000000000000083e-02
4.000000000000000000e+00,7.000000000000000000e+00,1.206896551724137845e-01,3.634256323211418338e-01,4.000000000000000083e-02
4.000000000000000000e+00,8.000000000000000000e+00,1.379310344827586188e-01,4.192024143153179616e-01,4.000000000000000083e-02
4.000000000000000000e+00,9.000000000000000000e+00,1.551724137931034531e-01,5.832947975981790378e-01,4.000000000000000083e-02
4.000000000000000000e+00,1.000000000000000000e+01,1.724137931034482873e-01,6.738173977578224561e-01,4.000000000000000083e-02
4.000000000000000000e+00,1.100000000000000000e+01,1.896551724137930939e-01,5.627418296046673429e-01,4.000000000000000083e-02
4.000000000000000000e+00,1.200000000000000000e+01,2.068965517241379282e-01,6.537344757757483915e-01,4.000000000000000083e-02
4.000000000000000000e+00,1.300000000000000000e+01,2.241379310344827624e-01,7.481675406701396858e-01,4.000000000000000083e-02
4.000000000000000000e+00,1.400000000000000000e+01,2.413793103448275690e-01,8.728559044778653186e-01,4.000000000000000083e-02
4.000000000000000000e+00,1.500000000000000000e+01,2.586206896551724310e-01,8.274870301075747392e-01,4.000000000000000083e-02
4.000000000000000000e+00,1.600000000000000000e+01,2.758620689655172376e-01,9.018290296176085796e-01,4.000000000000000083e-02
4.000000000000000000e+00,1.700000000000000000e+01,2.931034482758620441e-01,9.566320695955905506e-01,4.000000000000000083e-02
4.000000000000000000e+00,1.800000000000000000e+01,3.103448275862069061e-01,9.189729249769990060e-01,4.000000000000000083e-02
4.000000000000000000e+00,1.900000000000000000e+01,3.275862068965517127e-01,8.258229043807994163e-01,4.000000000000000083e-02
4.000000000000000000e+00,2.000000000000000000e+01,3.448275862068965747e-01,7.469456364346798161e-01,4.000000000000000083e-02
4.000000000000000000e+00,2.100000000000000000e+01,3.620689655172413812e-01,5.940089834649369127e-01,4.000000000000000083e-02
4.000000000000000000e+00,2.200000000000000000e+01,3.793103448275861878e-01,5.340800053243087708e-01,4.000000000000000083e-02
4.000000000000000000e+00,2.300000000000000000e+01,3.965517241379310498e-01,4.340086153726328000e-01,4.000000000000000083e-02
4.000000000000000000e+00,2.400000000000000000e+01,4.137931034482758563e-01,3.648973630079134778e-01,4.000000000000000083e-02
4.000000000000000000e+00,2.500000000000000000e+01,4.310344827586206629e-01,2.536499457057583284e-01,4.000000000000000083e-02
4.000000000000000000e+00,2.600000000000000000e+01,4.482758620689655249e-01,2.217183015994808881e-01,4.000000000000000083e-02
4.000000000000000000e+00,2.700000000000000000e+01,4.655172413793103314e-01,1.743328299699860029e-01,4.000000000000000083e-02
4.000000000000000000e+00,2.800000000000000000e+01,4.827586206896551380e-01,7.298326476069798285e-02,4.000000000000000083e-02
4.000000000000000000e+00,2.900000000000000000e+01,5.000000000000000000e-01,1.474555296392612326e-02,4.000000000000000083e-02
4.000000000000000000e+00,3.000000000000000000e+01,5.172413793103448620e-01,-6.252837495118594713e-02,4.000000000000000083e-02
4.000000000000000000e+00,3.100000000000000000e+01,5.344827586206896131e-01,-1.289314864610630884e-01,4.000000000000000083e-02
4.000000000000000000e+00,3.200000000000000000e+01,5.517241379310344751e-01,-2.205216057269076824e-01,4.000000000000000083e-02
4.000000000000000000e+00,3.300000000000000000e+01,5.689655172413793371e-01,-2.397119952957731670e-01,4.000000000000000083e-02
4.000000000000000000e+00,3.400000000000000000e+01,5.862068965517240882e-01,-3.149544591109458280e-01,4.000000000000000083e-02
4.000000000000000000e+00,3.500000000000000000e+01,6.034482758620689502e-01,-2.851209513431177678e-01,4.000000000000000083e-02
4.000000000000000000e+00,3.600000000000000000e+01,6.206896551724138122e-01,-3.658345566308868202e-01,4.000000000000000083e-02
4.000000000000000000e+00,3.700000000000000000e+01,6.379310344827585633e-01,-4.803588148923280121e-01,4.000000000000000083e-02
4.000000000000000000e+00,3.800000000000000000e+01,6.551724137931034253e-01,-6.049299426995976559e-01,4.000000000000000083e-02
4.000000000000000000e+00,3.900000000000000000e+01,6.724137931034482873e-01,-7.078831069475214344e-01,4.000000000000000083e-02
4.000000000000000000e+00,4.000000000000000000e+01,6.896551724137931494e-01,-7.033183582607114293e-01,4.000000000000000083e-02
4.000000000000000000e+00,4.100000000000000000e+01,7.068965517241379004e-01,-8.059762696103117685e-01,4.000000000000000083e-02
4.000000000000000000e+00,4.200000000000000000e+01,7.241379310344827624e-01,-8.217039399995641480e-01,4.000000000000000083e-02
4.000000000000000000e+00,4.300000000000000000e+01,7.413793103448276245e-01,-8.890945567838107744e-01,4.000000000000000083e-02
4.000000000000000000e+00,4.400000000000000000e+01,7.586206896551723755e-01,-7.272196150886298671e-01,4.000000000000000083e-02
4.000000000000000000e+00,4.500000000000000000e+01,7.758620689655172376e-01,-6.789900367075465404e-01,4.000000000000000083e-02
4.000000000000000000e+00,4.600000000000000000e+01,7.931034482758620996e-01,-6.792024789863720935e-01,4.000000000000000083e-02
4.000000000000000000e+00,4.700000000000000000e+01,8.103448275862068506e-01,-6.021455619253015534e-01,4.000000000000000083e-02
4.000000000000000000e+00,4.800000000000000000e+01,8.275862068965517127e-01,-5.295951638875038281e-01,4.000000000000000083e-02
4.000000000000000000e+00,4.900000000000000000e+01,8.448275862068965747e-01,-4.978121724104073165e-01,4.000000000000000083e-02
4.000000000000000000e+00,5.000000000000000000e+01,8.620689655172413257e-01,-4.699025081768251066e-01,4.000000000000000083e-02
4.000000000000000000e+00,5.100000000000000000e+01,8.793103448275861878e-01,-4.169760711669255882e-01,4.000000000000000083e-02
4.000000000000000000e+00,5.200000000000000000e+01,8.965517241379310498e-01,-3.732270364588273215e-01,4.000000000000000083e-02
4.000000000000000000e+00,5.300000000000000000e+01,9.137931034482758008e-01,-3.032371811768050929e-01,4.000000000000000083e-02
4.000000000000000000e+00,5.400000000000000000e+01,9.310344827586206629e-01,-1.930748419744239830e-01,4.000000000000000083e-02
4.000000000000000000e+00,5.500000000000000000e+01,9.482758620689655249e-01,-2.942473850023580306e-01,4.000000000000000083e-02
4.000000000000000000e+00,5.600000000000000000e+01,9.655172413793102759e-01,-1.384562880752688019e-01,4.000000000000000083e-02
4.000000000000000000e+00,5.700000000000000000e+01,9.827586206896551380e-01,-5.781091537135122499e-02,4.000000000000000083e-02
4.000000000000000000e+00,5.800000000000000000e+01,1.000000000000000000e+00,1.183975950039323037e-02,4.000000000000000083e-02
5.000000000000000000e+00,0.000000000000000000e+00,0.000000000000000000e+00,-1.859545566393520227e-02,5.000000000000000278e-02
5.000000000000000000e+00,1.000000000000000000e+00,1.562500000000000000e-02,-2.902466622852713923e-02,5.000000000000000278e-02
5.000000000000000000e+00,2.000000000000000000e+00,3.125000000000000000e-02,1.334583616066021550e-01,5.000000000000000278e-02
5.000000000000000000e+00,3.000000000000000000e+00,4.687500000000000000e-02,2.605540286237526537e-01,5.000000000000000278e-02
5.000000000000000000e+00,4.000000000000000000e+00,6.250000000000000000e-02,1.529690395415491122e-01,5.000000000000000278e-02
5.000000000000000000e+00,5.000000000000000000e+00,7.812500000000000000e-02,3.261892123948268440e-01,5.000000000000000278e-02
5.000000000000000000e+00,6.000000000000000000e+00,9.375000000000000000e-02,3.173702704994068591e-01,5.000000000000000278e-02
5.000000000000000000e+00,7.000000000000000000e+00,1.093750000000000000e-01,3.787671354911251731e-01,5.000000000000000278e-02
5.000000000000000000e+00,8.000000000000000000e+00,1.250000000000000000e-01,3.745426296580593450e-01,5.000000000000000278e-02
5.000000000000000000e+00,9.000000000000000000e+00,1.406250000000000000e-01,4.536970236150032476e-01,5.000000000000000278e-02
5.000000000000000000e+00,1.000000000000000000e+01,1.562500000000000000e-01,5.777463035443991535e-01,5.000000000000000278e-02
5.000000000000000000e+00,1.100000000000000000e+01,1.718750000000000000e-01,5.852071684862809597e-01,5.000000000000000278e-02
5.000000000000000000e+00,1.200000000000000000e+01,1.875000000000000000e-01,6.893866022044192743e-01,5.000000000000000278e-02
5.000000000000000000e+00,1.300000000000000000e+01,2.031250000000000000e-01,7.138013968449880009e-01,5.000000000000000278e-02
5.000000000000000000e+00,1.400000000000000000e+01,2.187500000000000000e-01,7.351913812824822925e-01,5.000000000000000278e-02
5.000000000000000000e+00,1.500000000000000000e+01,2.343750000000000000e-01,8.628846830428161807e-01,5.000000000000000278e-02
5.000000000000000000e+00,1.600000000000000000e+01,2.500000000000000000e-01,8.587715040935200994e-01,5.000000000000000278e-02
5.000000000000000000e+00,1.700000000000000000e+01,2.656250000000000000e-01,9.295039999499937755e-01,5.000000000000000278e-02
5.000000000000000000e+00,1.800000000000000000e+01,2.812500000000000000e-01,9.049350685195586275e-01,5.000000000000000278e-02
5.000000000000000000e+00,1.900000000000000000e+01,2.968750000000000000e-01,9.269578418615618265e-01,5.000000000000000278e-02
5.000000000000000000e+00,2.000000000000000000e+01,3.125000000000000000e-01,8.610150708892388982e-01,5.000000000000000278e-02
5.000000000000000000e+00,2.100000000000000000e+01,3.281250000000000000e-01,8.879397755889636423e-01,5.000000000000000278e-02
5.000000000000000000e+00,2.200000000000000000e+01,3.437500000000000000e-01,6.994936239667678413e-01,5.000000000000000278e-02
5.000000000000000000e+00,2.300000000000000000e+01,3.593750000000000000e-01,7.046862096900796679e-01,5.000000000000000278e-02
5.000000000000000000e+00,2.400000000000000000e+01,3.750000000000000000e-01,5.600644058753138088e-01,5.000000000000000278e-02
5.000000000000000000e+00,2.500000000000000000e+01,3.906250000000000000e-01,5.361942527919323354e-01,5.000000000000000278e-02
5.000000000000000000e+00,2.600000000000000000e+01,4.062500000000000000e-01,4.308659470620034848e-01,5.000000000000000278e-02
5.000000000000000000e+00,2.700000000000000000e+01,4.218750000000000000e-01,4.082364748784613750e-01,5.000000000000000278e-02
5.000000000000000000e+00,2.800000000000000000e+01,4.375000000000000000e-01,2.843927087749532068e-01,5.000000000000000278e-02
5.000000000000000000e+00,2.900000000000000000e+01,4.531250000000000000e-01,1.045424913465257122e-01,5.000000000000000278e-02
5.000000000000000000e+00,3.000000000000000000e+01,4.687500000000000000e-01,1.177962229671984384e-01,5.000000000000000278e-02
5.000000000000000000e+00,3.100000000000000000e+01,4.843750000000000000e-01,1.936810319075582543e-03,5.000000000000000278e-02
5.000000000000000000e+00,3.200000000000000000e+01,5.000000000000000000e-01,-2.523869549035574755e-02,5.000000000000000278e-02
5.000000000000000000e+00,3.300000000000000000e+01,5.156250000000000000e-01,1.699378334846933514e-02,5.000000000000000278e-02
5.000000000000000000e+00,3.400000000000000000e+01,5.312500000000000000e-01,-8.510782579233894252e-02,5.000000000000000278e-02
5.000000000000000000e+00,3.500000000000000000e+01,5.468750000000000000e-01,-2.091522826924954448e-01,5.000000000000000278e-02
5.000000000000000000e+00,3.600000000000000000e+01,5.625000000000000000e-01,-2.805428648899605526e-01,5.000000000000000278e-02
5.000000000000000000e+00,3.700000000000000000e+01,5.781250000000000000e-01,-2.821295516007997217e-01,5.000000000000000278e-02
5.000000000000000000e+00,3.800000000000000000e+01,5.937500000000000000e-01,-3.971556855041801226e-01,5.000000000000000278e-02
5.000000000000000000e+00,3.900000000000000000e+01,6.093750000000000000e-01,-4.225410799749563240e-01,5.000000000000000278e-02
5.000000000000000000e+00,4.000000000000000000e+01,6.250000000000000000e-01,-4.290428059940636363e-01,5.000000000000000278e-02
5.000000000000000000e+00,4.100000000000000000e+01,6.406250000000000000e-01,-4.494794377252310791e-01,5.000000000000000278e-02
5.000000000000000000e+00,4.200000000000000000e+01,6.562500000000000000e-01,-5.492903847498735725e-01,5.000000000000000278e-02
5.000000000000000000e+00,4.300000000000000000e+01,6.718750000000000000e-01,-7.751010908456898996e-01,5.000000000000000278e-02
5.000000000000000000e+00,4.400000000000000000e+01,6.875000000000000000e-01,-7.255398130482931807e-01,5.000000000000000278e-02
5.000000000000000000e+00,4.500000000000000000e+01,7.031250000000000000e-01,-8.015490431258645021e-01,5.000000000000000278e-02
5.000000000000000000e+00,4.600000000000000000e+01,7.187500000000000000e-01,-8.176681705725250549e-01,5.000000000000000278e-02
5.000000000000000000e+00,4.700000000000000000e+01,7.343750000000000000e-01,-7.523543877631526655e-01,5.000000000000000278e-02
5.000000000000000000e+00,4.800000000000000000e+01,7.500000000000000000e-01,-8.978621096080818820e-01,5.000000000000000278e-02
5.000000000000000000e+00,4.900000000000000000e+01,7.656250000000000000e-01,-7.668880815721632604e-01,5.000000000000000278e-02
5.000000000000000000e+00,5.000000000000000000e+01,7.812500000000000000e-01,-6.471040923546023116e-01,5.000000000000000278e-02
5.000000000000000000e+00,5.100000000000000000e+01,7.968750000000000000e-01,-7.016613263560955716e-01,5.000000000000000278e-02
5.000000000000000000e+00,5.200000000000000000e+01,8.125000000000000000e-01,-5.037435535585974566e-01,5.000000000000000278e-02
5.000000000000000000e+00,5.300000000000000000e+01,8.281250000000000000e-01,-5.204527019514847419e-01,5.000000000000000278e-02
5.000000000000000000e+00,5.400000000000000000e+01,8.437500000000000000e-01,-4.601047238221561142e-01,5.000000000000000278e-02
5.000000000000000000e+00,5.500000000000000000e+01,8.593750000000000000e-01,-4.934871918914455757e-01,5.000000000000000278e-02
5.000000000000000000e+00,5.600000000000000000e+01,8.750000000000000000e-01,-3.838918408841872631e-01,5.000000000000000278e-02
5.000000000000000000e+00,5.700000000000000000e+01,8.906250000000000000e-01,-3.272892770325589451e-01,5.000000000000000278e-02
5.000000000000000000e+00,5.800000000000000000e+01,9.062500000000000000e-01,-3.217145747108237641e-01,5.000000000000000278e-02
5.000000000000000000e+00,5.900000000000000000e+01,9.218750000000000000e-01,-2.711210281654341525e-01,5.000000000000000278e-02
5.000000000000000000e+00,6.000000000000000000e+01,9.375000000000000000e-01,-2.160933884070231625e-01,5.000000000000000278e-02
5.000000000000000000e+00,6.100000000000000000e+01,9.531250000000000000e-01,-2.173381390328222584e-01,5.000000000000000278e-02
5.000000000000000000e+00,6.200000000000000000e+01,9.687500000000000000e-01,-1.244306357982938732e-01,5.000000000000000278e-02
5.000000000000000000e+00,6.300000000000000000e+01,9.843750000000000000e-01,-6.643641174525616311e-02,5.000000000000000278e-02
5.000000000000000000e+00,6.400000000000000000e+01,1.000000000000000000e+00,1.916969313058400695e-02,5.000000000000000278e-02
6.000000000000000000e+00,0.000000000000000000e+00,0.000000000000000000e+00,-6.351189151657525567e-02,5.999999999999999778e-02
6.000000000000000000e+00,1.000000000000000000e+00,2.040816326530612082e-02,6.922749083233929734e-02,5.999999999999999778e-02
6.000000000000000000e+00,2.000000000000000000e+00,4.081632653061224164e-02,2.410897569050283462e-01,5.999999999999999778e-02
6.000000000000000000e+00,3.000000000000000000e+00,6.122448979591836593e-02,1.805922461354416142e-01,5.999999999999999778e-02
6.000000000000000000e+00,4.000000000000000000e+00,8.163265306122448328e-02,2.452988981024131765e-01,5.999999999999999778e-02
6.000000000000000000e+00,5.000000000000000000e+00,1.020408163265306006e-01,3.717717679520715635e-01,5.999999999999999778e-02
6.000000000000000000e+00,6.000000000000000000e+00,1.224489795918367319e-01,4.706128629483671277e-01,5.999999999999999778e-02
6.000000000000000000e+00,7.000000000000000000e+00,1.428571428571428492e-01,4.771699245179875648e-01,5.999999999999999778e-02
6.000000000000000000e+00,8.000000000000000000e+00,1.632653061224489666e-01,6.116753934425452899e-01,5.999999999999999778e-02
6.000000000000000000e+00,9.000000000000000000e+00,1.836734693877550839e-01,6.423041736907956212e-01,5.999999999999999778e-02
6.000000000000000000e+00,1.000000000000000000e+01,2.040816326530612013e-01,7.088378746282064657e-01,5.999999999999999778e-02
6.000000000000000000e+00,1.100000000000000000e+01,2.244897959183673186e-01,7.691555814453574502e-01,5.999999999999999778e-02
6.000000000000000000e+00,1.200000000000000000e+01,2.448979591836734637e-01,9.571387716666890366e-01,5.999999999999999778e-02
6.000000000000000000e+00,1.300000000000000000e+01,2.653061224489795533e-01,8.749118369992916477e-01,5.999999999999999778e-02
6.000000000000000000e+00,1.400000000000000000e+01,2.857142857142856984e-01,8.037607641211432785e-01,5.999999999999999778e-02
6.000000000000000000e+00,1.500000000000000000e+01,3.061224489795917880e-01,1.007292379248845293e+00,5.999999999999999778e-02
6.000000000000000000e+00,1.600000000000000000e+01,3.265306122448979331e-01,8.180457683146860060e-01,5.999999999999999778e-02
6.000000000000000000e+00,1.700000000000000000e+01,3.469387755102040782e-01,7.466373951877803838e-01,5.999999999999999778e-02
6.000000000000000000e+00,1.800000000000000000e+01,3.673469387755101678e-01,6.950410321858292440e-01,5.999999999999999778e-02
6.000000000000000000e+00,1.900000000000000000e+01,3.877551020408163129e-01,3.978747936609591251e-01,5.999999999999999778e-02
6.000000000000000000e+00,2.000000000000000000e+01,4.081632653061224025e-01,3.084784501087288744e-01,5.999999999999999778e-02
6.000000000000000000e+00,2.100000000000000000e+01,4.285714285714285476e-01,1.906974535664459625e-01,5.999999999999999778e-02
6.000000000000000000e+00,2.200000000000000000e+01,4.489795918367346372e-01,1.523299970353561017e-01,5.999999999999999778e-02
6.000000000000000000e+00,2.300000000000000000e+01,4.693877551020407823e-01,1.450275542654532179e-01,5.999999999999999778e-02
6.000000000000000000e+00,2.400000000000000000e+01,4.897959183673469274e-01,7.115117039181048653e-02,5.999999999999999778e-02
6.000000000000000000e+00,2.500000000000000000e+01,5.102040816326530726e-01,-2.151559805958915342e-02,5.999999999999999778e-02
6.000000000000000000e+00,2.600000000000000000e+01,5.306122448979591066e-01,-1.993867628070595532e-01,5.999999999999999778e-02
6.000000000000000000e+00,2.700000000000000000e+01,5.510204081632652517e-01,-3.277423866233164507e-01,5.999999999999999778e-02
6.000000000000000000e+00,2.800000000000000000e+01,5.714285714285713969e-01,-2.576088424448326197e-01,5.999999999999999778e-02
6.000000000000000000e+00,2.900000000000000000e+01,5.918367346938775420e-01,-3.582353091627036301e-01,5.999999999999999778e-02
6.000000000000000000e+00,3.000000000000000000e+01,6.122448979591835760e-01,-3.713095439416571608e-01,5.999999999999999778e-02
6.000000000000000000e+00,3.100000000000000000e+01,6.326530612244897211e-01,-4.320784255090626691e-01,5.999999999999999778e-02
6.000000000000000000e+00,3.200000000000000000e+01,6.530612244897958663e-01,-5.558180983902148986e-01,5.999999999999999778e-02
6.000000000000000000e+00,3.300000000000000000e+01,6.734693877551020114e-01,-6.233603552707986939e-01,5.999999999999999778e-02
6.000000000000000000e+00,3.400000000000000000e+01,6.938775510204081565e-01,-7.561610736154940060e-01,5.999999999999999778e-02
6.000000000000000000e+00,3.500000000000000000e+01,7.142857142857141906e-01,-8.008955440350744581e-01,5.999999999999999778e-02
6.000000000000000000e+00,3.600000000000000000e+01,7.346938775510203357e-01,-8.749548805880806857e-01,5.999999999999999778e-02
6.000000000000000000e+00,3.700000000000000000e+01,7.551020408163264808e-01,-7.880084474212596390e-01,5.999999999999999778e-02
6.000000000000000000e+00,3.800000000000000000e+01,7.755102040816326259e-01,-6.867234440980103383e-01,5.999999999999999778e-02
6.000000000000000000e+00,3.900000000000000000e+01,7.959183673469386600e-01,-5.763927048958922272e-01,5.999999999999999778e-02
6.000000000000000000e+00,4.000000000000000000e+01,8.163265306122448051e-01,-5.912640155926793817e-01,5.999999999999999778e-02
6.000000000000000000e+00,4.100000000000000000e+01,8.367346938775509502e-01,-4.874912790971246968e-01,5.999999999999999778e-02
6.000000000000000000e+00,4.200000000000000000e+01,8.571428571428570953e-01,-4.863949934312201684e-01,5.999999999999999778e-02
6.000000000000000000e+00,4.300000000000000000e+01,8.775510204081632404e-01,-4.247152468553807014e-01,5.999999999999999778e-02
6.000000000000000000e+00,4.400000000000000000e+01,8.979591836734692745e-01,-3.091329694159178354e-01,5.999999999999999778e-02
6.000000000000000000e+00,4.500000000000000000e+01,9.183673469387754196e-01,-4.140186296480524164e-01,5.999999999999999778e-02
6.000000000000000000e+00,4.600000000000000000e+01,9.387755102040815647e-01,-3.029489632491832451e-01,5.999999999999999778e-02
6.000000000000000000e+00,4.700000000000000000e+01,9.591836734693877098e-01,-2.411239055553067168e-01,5.999999999999999778e-02
6.000000000000000000e+00,4.800000000000000000e+01,9.795918367346938549e-01,-2.167432660570097480e-01,5.999999999999999778e-02
6.000000000000000000e+00,4.900000000000000000e+01,1.000000000000000000e+00,-4.069586649640135473e-02,5.999999999999999778e-02
7.000000000000000000e+00,0.000000000000000000e+00,0.000000000000000000e+00,5.246064638307112310e-02,7.000000000000000666e-02
7.000000000000000000e+00,1.000000000000000000e+00,1.298701298701298787e-02,2.896458523660101758e-02,7.000000000000000666e-02
7.000000000000000000e+00,2.000000000000000000e+00,2.597402597402597574e-02,1.113337965222611636e-01,7.000000000000000666e-02
7.000000000000000000e+00,3.000000000000000000e+00,3.896103896103896014e-02,2.216705865425687150e-01,7.000000000000000666e-02
7.000000000000000000e+00,4.000000000000000000e+00,5.194805194805195148e-02,2.853420804726309878e-01,7.000000000000000666e-02
7.000000000000000000e+00,5.000000000000000000e+00,6.493506493506494281e-02,2.332866965202873566e-01,7.000000000000000666e-02
7.000000000000000000e+00,6.000000000000000000e+00,7.792207792207792028e-02,3.770716928809240698e-01,7.000000000000000666e-02
7.000000000000000000e+00,7.000000000000000000e+00,9.090909090909091161e-02,3.312112428771316619e-01,7.000000000000000666e-02
7.000000000000000000e+00,8.000000000000000000e+00,1.038961038961039030e-01,3.066891418441181627e-01,7.000000000000000666e-02
7.000000000000000000e+00,9.000000000000000000e+00,1.168831168831168943e-01,3.623326822079037113e-01,7.000000000000000666e-02
7.000000000000000000e+00,1.000000000000000000e+01,1.298701298701298856e-01,3.372098612139069473e-01,7.000000000000000666e-02
7.000000000000000000e+00,1.100000000000000000e+01,1.428571428571428770e-01,4.143149914229923847e-01,7.000000000000000666e-02
7.000000000000000000e+00,1.200000000000000000e+01,1.558441558441558406e-01,4.865804760483363745e-01,7.000000000000000666e-02
7.000000000000000000e+00,1.300000000000000000e+01,1.688311688311688319e-01,6.036962285190260458e-01,7.000000000000000666e-02
7.000000000000000000e+00,1.400000000000000000e+01,1.818181818181818232e-01,7.057053571186443497e-01,7.000000000000000666e-02
7.000000000000000000e+00,1.500000000000000000e+01,1.948051948051948146e-01,5.296348200887168733e-01,7.000000000000000666e-02
7.000000000000000000e+00,1.600000000000000000e+01,2.077922077922078059e-01,6.992298588708725227e-01,7.000000000000000666e-02
7.000000000000000000e+00,1.700000000000000000e+01,2.207792207792207972e-01,6.483558673725887678e-01,7.000000000000000666e-02
7.000000000000000000e+00,1.800000000000000000e+01,2.337662337662337886e-01,8.064616439489122879e-01,7.000000000000000666e-02
7.000000000000000000e+00,1.900000000000000000e+01,2.467532467532467799e-01,8.154360263225753913e-01,7.000000000000000666e-02
7.000000000000000000e+00,2.000000000000000000e+01,2.597402597402597713e-01,7.424071603775984629e-01,7.000000000000000666e-02
7.000000000000000000e+00,2.100000000000000000e+01,2.727272727272727626e-01,9.704717326647812614e-01,7.000000000000000666e-02
7.000000000000000000e+00,2.200000000000000000e+01,2.857142857142857539e-01,8.816220517485229280e-01,7.000000000000000666e-02
7.000000000000000000e+00,2.300000000000000000e+01,2.987012987012987453e-01,8.846625970058809019e-01,7.000000000000000666e-02
7.000000000000000000e+00,2.400000000000000000e+01,3.116883116883116811e-01,8.232168005334560279e-01,7.000000000000000666e-02
7.000000000000000000e+00,2.500000000000000000e+01,3.246753246753246724e-01,8.075958372410756425e-01,7.000000000000000666e-02
7.000000000000000000e+00,2.600000000000000000e+01,3.376623376623376638e-01,8.216396480414205339e-01,7.000000000000000666e-02
7.000000000000000000e+00,2.700000000000000000e+01,3.506493506493506551e-01,7.051358925761977980e-01,7.000000000000000666e-02
7.000000000000000000e+00,2.800000000000000000e+01,3.636363636363636465e-01,6.623516838039840149e-01,7.000000000000000666e-02
7.000000000000000000e+00,2.900000000000000000e+01,3.766233766233766378e-01,5.850986757125544724e-01,7.000000000000000666e-02
7.000000000000000000e+00,3.000000000000000000e+01,3.896103896103896291e-01,5.758386798337249424e-01,7.000000000000000666e-02
7.000000000000000000e+00,3.100000000000000000e+01,4.025974025974026205e-01,3.882807462422126488e-01,7.000000000000000666e-02
7.000000000000000000e+00,3.200000000000000000e+01,4.155844155844156118e-01,2.435468711857171065e-01,7.000000000000000666e-02
7.000000000000000000e+00,3.300000000000000000e+01,4.285714285714286031e-01,3.614796989536158689e-01,7.000000000000000666e-02
7.000000000000000000e+00,3.400000000000000000e+01,4.415584415584415945e-01,2.074824460743789900e-01,7.000000000000000666e-02
7.000000000000000000e+00,3.500000000000000000e+01,4.545454545454545858e-01,2.554423767935994349e-01,7.000000000000000666e-02
7.000000000000000000e+00,3.600000000000000000e+01,4.675324675324675772e-01,1.527487905575153904e-01,7.000000000000000666e-02
7.000000000000000000e+00,3.700000000000000000e+01,4.805194805194805685e-01,6.622844348155627892e-02,7.000000000000000666e-02
7.000000000000000000e+00,3.800000000000000000e+01,4.935064935064935598e-01,4.989451712385865184e-02,7.000000000000000666e-02
7.000000000000000000e+00,3.900000000000000000e+01,5.064935064935065512e-01,1.125442474516297336e-01,7.000000000000000666e-02
7.000000000000000000e+00,4.000000000000000000e+01,5.194805194805195425e-01,7.231697563985337029e-02,7.000000000000000666e-02
7.000000000000000000e+00,4.100000000000000000e+01,5.324675324675325339e-01,-1.166348169680534175e-01,7.000000000000000666e-02
7.000000000000000000e+00,4.200000000000000000e+01,5.454545454545455252e-01,-1.578504287007370110e-01,7.000000000000000666e-02
7.000000000000000000e+00,4.300000000000000000e+01,5.584415584415585165e-01,-1.402320246523920955e-01,7.000000000000000666e-02
7.000000000000000000e+00,4.400000000000000000e+01,5.714285714285715079e-01,-3.200663298619701447e-01,7.000000000000000666e-02
7.000000000000000000e+00,4.500000000000000000e+01,5.844155844155844992e-01,-2.817247750898549397e-01,7.000000000000000666e-02
7.000000000000000000e+00,4.600000000000000000e+01,5.974025974025974906e-01,-3.503563801572717185e-01,7.000000000000000666e-02
7.000000000000000000e+00,4.700000000000000000e+01,6.103896103896104819e-01,-3.704941007007705456e-01,7.000000000000000666e-02
7.000000000000000000e+00,4.800000000000000000e+01,6.233766233766233622e-01,-4.969425768695231449e-01,7.000000000000000666e-02
7.000000000000000000e+00,4.900000000000000000e+01,6.363636363636363535e-01,-6.005354318103446332e-01,7.000000000000000666e-02
7.000000000000000000e+00,5.000000000000000000e+01,6.493506493506493449e-01,-6.915644551946170671e-01,7.000000000000000666e-02
7.000000000000000000e+00,5.100000000000000000e+01,6.623376623376623362e-01,-6.887530981482739012e-01,7.000000000000000666e-02
7.000000000000000000e+00,5.200000000000000000e+01,6.753246753246753276e-01,-7.108681761520264653e-01,7.000000000000000666e-02
7.000000000000000000e+00,5.300000000000000000e+01,6.883116883116883189e-01,-7.651630831008008338e-01,7.000000000000000666e-02
7.000000000000000000e+00,5.400000000000000000e+01,7.012987012987013102e-01,-6.633767181241693178e-01,7.000000000000000666e-02
7.000000000000000000e+00,5.500000000000000000e+01,7.142857142857143016e-01,-7.552798904776517608e-01,7.000000000000000666e-02
7.000000000000000000e+00,5.600000000000000000e+01,7.272727272727272929e-01,-9.075930002723775480e-01,7.000000000000000666e-02
7.000000000000000000e+00,5.700000000000000000e+01,7.402597402597402843e-01,-7.975980847171812993e-01,7.000000000000000666e-02
7.000000000000000000e+00,5.800000000000000000e+01,7.532467532467532756e-01,-8.122757944314344947e-01,7.000000000000000666e-02
7.000000000000000000e+00,5.900000000000000000e+01,7.662337662337662669e-01,-7.548477561597327634e-01,7.000000000000000666e-02
7.000000000000000000e+00,6.000000000000000000e+01,7.792207792207792583e-01,-6.713170022364456369e-01,7.000000000000000666e-02
7.000000000000000000e+00,6.100000000000000000e+01,7.922077922077922496e-01,-5.944231372305281980e-01,7.000000000000000666e-02
7.000000000000000000e+00,6.200000000000000000e+01,8.051948051948052409e-01,-6.213190199731928320e-01,7.000000000000000666e-02
7.000000000000000000e+00,6.300000000000000000e+01,8.181818181818182323e-01,-4.884900890228956460e-01,7.000000000000000666e-02
7.000000000000000000e+00,6.400000000000000000e+01,8.311688311688312236e-01,-6.116558636228073276e-01,7.000000000000000666e-02
7.000000000000000000e+00,6.500000000000000000e+01,8.441558441558442150e-01,-5.010406476105611073e-01,7.000000000000000666e-02
7.000000000000000000e+00,6.600000000000000000e+01,8.571428571428572063e-01,-2.886075050545890974e-01,7.000000000000000666e-02
7.000000000000000000e+00,6.700000000000000000e+01,8.701298701298701976e-01,-4.219077117801093846e-01,7.000000000000000666e-02
7.000000000000000000e+00,6.800000000000000000e+01,8.831168831168831890e-01,-3.019135970219270493e-01,7.000000000000000666e-02
7.000000000000000000e+00,6.900000000000000000e+01,8.961038961038961803e-01,-3.580860580785016900e-01,7.000000000000000666e-02
7.000000000000000000e+00,7.000000000000000000e+01,9.090909090909091717e-01,-2.837422418476431285e-01,7.000000000000000666e-02
7.000000000000000000e+00,7.100000000000000000e+01,9.220779220779221630e-01,-2.861409302793432863e-01,7.000000000000000666e-02
7.000000000000000000e+00,7.200000000000000000e+01,9.350649350649351543e-01,-2.499932372517658652e-01,7.000000000000000666e-02
7.000000000000000000e+00,7.300000000000000000e+01,9.480519480519481457e-01,-2.469445771079415985e-01,7.000000000000000666e-02
7.000000000000000000e+00,7.400000000000000000e+01,9.610389610389611370e-01,-1.152959716159260573e-01,7.000000000000000666e-02
7.000000000000000000e+00,7.500000000000000000e+01,9.740259740259741283e-01,-1.570932891040826562e-01,7.000000000000000666e-02
7.000000000000000000e+00,7.600000000000000000e+01,9.870129870129871197e-01,-2.314604212892451551e-03,7.000000000000000666e-02
7.000000000000000000e+00,7.700000000000000000e+01,1.000000000000000000e+00,7.597009022412296031e-02,7.000000000000000666e-02
8.000000000000000000e+00,0.000000000000000000e+00,0.000000000000000000e+00,-1.144967594009838399e-02,4.000000000000000083e-02
8.000000000000000000e+00,1.000000000000000000e+00,1.351351351351351426e-02,6.904312107996403436e-02,4.000000000000000083e-02
8.000000000000000000e+00,2.000000000000000000e+00,2.702702702702702853e-02,8.905664353529063604e-02,4.000000000000000083e-02
8.000000000000000000e+00,3.000000000000000000e+00,4.054054054054054279e-02,1.886181817486068113e-01,4.000000000000000083e-02
8.000000000000000000e+00,4.000000000000000000e+00,5.405405405405405705e-02,1.266551343670296870e-01,4.000000000000000083e-02
8.000000000000000000e+00,5.000000000000000000e+00,6.756756756756757132e-02,2.337919674509712498e-01,4.000000000000000083e-02
8.000000000000000000e+00,6.000000000000000000e+00,8.108108108108108558e-02,2.131803327782890722e-01,4.000000000000000083e-02
8.000000000000000000e+00,7.000000000000000000e+00,9.459459459459459985e-02,2.766621981091300642e-01,4.000000000000000083e-02
8.000000000000000000e+00,8.000000000000000000e+00,1.081081081081081141e-01,4.325965517292356677e-01,4.000000000000000083e-02
8.000000000000000000e+00,9.000000000000000000e+00,1.216216216216216284e-01,4.533967077501842580e-01,4.000000000000000083e-02
8.000000000000000000e+00,1.000000000000000000e+01,1.351351351351351426e-01,4.266319500814776400e-01,4.000000000000000083e-02
8.000000000000000000e+00,1.100000000000000000e+01,1.486486486486486569e-01,4.320619063419505745e-01,4.000000000000000083e-02
8.000000000000000000e+00,1.200000000000000000e+01,1.621621621621621712e-01,4.103169990708086523e-01,4.000000000000000083e-02
8.000000000000000000e+00,1.300000000000000000e+01,1.756756756756756854e-01,5.452916358142494424e-01,4.000000000000000083e-02
8.000000000000000000e+00,1.400000000000000000e+01,1.891891891891891997e-01,7.049343751153254178e-01,4.000000000000000083e-02
8.000000000000000000e+00,1.500000000000000000e+01,2.027027027027027140e-01,6.708338111723312069e-01,4.000000000000000083e-02
8.000000000000000000e+00,1.600000000000000000e+01,2.162162162162162282e-01,6.810248473000500846e-01,4.000000000000000083e-02
8.000000000000000000e+00,1.700000000000000000e+01,2.297297297297297425e-01,7.755472838949903913e-01,4.000000000000000083e-02
8.000000000000000000e+00,1.800000000000000000e+01,2.432432432432432567e-01,7.486004642472249282e-01,4.000000000000000083e-02
8.000000000000000000e+00,1.900000000000000000e+01,2.567567567567567988e-01,8.488873254840559879e-01,4.000000000000000083e-02
8.000000000000000000e+00,2.000000000000000000e+01,2.702702702702702853e-01,9.039726135966962284e-01,4.000000000000000083e-02
8.000000000000000000e+00,2.100000000000000000e+01,2.837837837837837718e-01,9.189996217860298966e-01,4.000000000000000083e-02
8.000000000000000000e+00,2.200000000000000000e+01,2.972972972972973138e-01,9.549330431746774206e-01,4.000000000000000083e-02
8.000000000000000000e+00,2.300000000000000000e+01,3.108108108108108558e-01,9.141857045849329788e-01,4.000000000000000083e-02
8.000000000000000000e+00,2.400000000000000000e+01,3.243243243243243423e-01,8.815820949934104478e-01,4.000000000000000083e-02
8.000000000000000000e+00,2.500000000000000000e+01,3.378378378378378288e-01,7.632258683104120589e-01,4.000000000000000083e-02
8.000000000000000000e+00,2.600000000000000000e+01,3.513513513513513709e-01,7.501185493451274500e-01,4.000000000000000083e-02
8.000000000000000000e+00,2.700000000000000000e+01,3.648648648648649129e-01,6.969272046609095161e-01,4.000000000000000083e-02
8.000000000000000000e+00,2.800000000000000000e+01,3.783783783783783994e-01,5.103872274358736139e-01,4.000000000000000083e-02
8.000000000000000000e+00,2.900000000000000000e+01,3.918918918918918859e-01,4.349782307839150652e-01,4.000000000000000083e-02
8.000000000000000000e+00,3.000000000000000000e+01,4.054054054054054279e-01,4.510955746846768144e-01,4.000000000000000083e-02
8.000000000000000000e+00,3.100000000000000000e+01,4.189189189189189699e-01,3.233721788881691039e-01,4.000000000000000083e-02
8.000000000000000000e+00,3.200000000000000000e+01,4.324324324324324564e-01,3.258849322053100073e-01,4.000000000000000083e-02
8.000000000000000000e+00,3.300000000000000000e+01,4.459459459459459429e-01,1.947331164396038927e-01,4.000000000000000083e-02
8.000000000000000000e+00,3.400000000000000000e+01,4.594594594594594850e-01,2.159744497796865503e-01,4.000000000000000083e-02
8.000000000000000000e+00,3.500000000000000000e+01,4.729729729729730270e-01,1.099240266080723782e-01,4.000000000000000083e-02
8.000000000000000000e+00,3.600000000000000000e+01,4.864864864864865135e-01,6.274069423704081716e-02,4.000000000000000083e-02
8.000000000000000000e+00,3.700000000000000000e+01,5.000000000000000000e-01,6.326401749475416003e-02,4.000000000000000083e-02
8.000000000000000000e+00,3.800000000000000000e+01,5.135135135135135975e-01,-6.507398577241171878e-02,4.000000000000000083e-02
8.000000000000000000e+00,3.900000000000000000e+01,5.270270270270270840e-01,-1.389421068936162462e-01,4.000000000000000083e-02
8.000000000000000000e+00,4.000000000000000000e+01,5.405405405405405705e-01,-1.691204930835087938e-01,4.000000000000000083e-02
8.000000000000000000e+00,4.100000000000000000e+01,5.540540540540540571e-01,-1.818949977390926787e-01,4.000000000000000083e-02
8.000000000000000000e+00,4.200000000000000000e+01,5.675675675675675436e-01,-3.101596768464316423e-01,4.000000000000000083e-02
8.000000000000000000e+00,4.300000000000000000e+01,5.810810810810811411e-01,-2.682910285945237505e-01,4.000000000000000083e-02
8.000000000000000000e+00,4.400000000000000000e+01,5.945945945945946276e-01,-3.607029047218480722e-01,4.000000000000000083e-02
8.000000000000000000e+00,4.500000000000000000e+01,6.081081081081081141e-01,-3.387387909840482991e-01,4.000000000000000083e-02
8.000000000000000000e+00,4.600000000000000000e+01,6.216216216216217116e-01,-5.279308005932250580e-01,4.000000000000000083e-02
8.000000000000000000e+00,4.700000000000000000e+01,6.351351351351351981e-01,-5.156806098570704266e-01,4.000000000000000083e-02
8.000000000000000000e+00,4.800000000000000000e+01,6.486486486486486847e-01,-6.106387772603484310e-01,4.000000000000000083e-02
8.000000000000000000e+00,4.900000000000000000e+01,6.621621621621621712e-01,-6.426814124349002899e-01,4.000000000000000083e-02
8.000000000000000000e+00,5.000000000000000000e+01,6.756756756756756577e-01,-6.707028287984880821e-01,4.000000000000000083e-02
8.000000000000000000e+00,5.100000000000000000e+01,6.891891891891892552e-01,-7.559542164628166860e-01,4.000000000000000083e-02
8.000000000000000000e+00,5.200000000000000000e+01,7.027027027027027417e-01,-8.138975905821390633e-01,4.000000000000000083e-02
8.000000000000000000e+00,5.300000000000000000e+01,7.162162162162162282e-01,-8.419082751405838616e-01,4.000000000000000083e-02
8.000000000000000000e+00,5.400000000000000000e+01,7.297297297297298257e-01,-8.305162757744282143e-01,4.000000000000000083e-02
8.000000000000000000e+00,5.500000000000000000e+01,7.432432432432433123e-01,-8.549629714083982757e-01,4.000000000000000083e-02
8.000000000000000000e+00,5.600000000000000000e+01,7.567567567567567988e-01,-7.429571688376108707e-01,4.000000000000000083e-02
8.000000000000000000e+00,5.700000000000000000e+01,7.702702702702702853e-01,-6.925353429157627971e-01,4.000000000000000083e-02
8.000000000000000000e+00,5.800000000000000000e+01,7.837837837837837718e-01,-6.518816161489878747e-01,4.000000000000000083e-02
8.000000000000000000e+00,5.900000000000000000e+01,7.972972972972973693e-01,-5.989883424743027707e-01,4.000000000000000083e-02
8.000000000000000000e+00,6.000000000000000000e+01,8.108108108108108558e-01,-5.701750105752051434e-01,4.000000000000000083e-02
8.000000000000000000e+00,6.100000000000000000e+01,8.243243243243243423e-01,-4.665137579764414011e-01,4.000000000000000083e-02
8.000000000000000000e+00,6.200000000000000000e+01,8.378378378378379399e-01,-5.196832582092167918e-01,4.000000000000000083e-02
8.000000000000000000e+00,6.300000000000000000e+01,8.513513513513514264e-01,-4.967544302965856140e-01,4.000000000000000083e-02
8.000000000000000000e+00,6.400000000000000000e+01,8.648648648648649129e-01,-4.812794486857234766e-01,4.000000000000000083e-02
8.000000000000000000e+00,6.500000000000000000e+01,8.783783783783783994e-01,-4.566892829641306384e-01,4.000000000000000083e-02
8.000000000000000000e+00,6.600000000000000000e+01,8.918918918918918859e-01,-4.267790235851247060e-01,4.000000000000000083e-02
8.000000000000000000e+00,6.700000000000000000e+01,9.054054054054054834e-01,-3.715545884536355925e-01,4.000000000000000083e-02
8.000000000000000000e+00,6.800000000000000000e+01,9.189189189189189699e-01,-2.954483933982647859e-01,4.000000000000000083e-02
8.000000000000000000e+00,6.900000000000000000e+01,9.324324324324324564e-01,-2.337698430412666617e-01,4.000000000000000083e-02
8.000000000000000000e+00,7.000000000000000000e+01,9.459459459459460540e-01,-1.978383679688108243e-01,4.000000000000000083e-02
8.000000000000000000e+00,7.100000000000000000e+01,9.594594594594595405e-01,-1.818082781621204735e-01,4.000000000000000083e-02
8.000000000000000000e+00,7.200000000000000000e+01,9.729729729729730270e-01,-6.539311439347531008e-02,4.000000000000000083e-02
8.000000000000000000e+00,7.300000000000000000e+01,9.864864864864865135e-01,-2.130704847071037203e-02,4.000000000000000083e-02
8.000000000000000000e+00,7.400000000000000000e+01,1.000000000000000000e+00,-6.385932383971428851e-03,4.000000000000000083e-02
9.000000000000000000e+00,0.000000000000000000e+00,0.000000000000000000e+00,-3.264553383110631313e-02,5.000000000000000278e-02
9.000000000000000000e+00,1.000000000000000000e+00,2.083333333333333218e-02,1.057389126518455402e-01,5.000000000000000278e-02
9.000000000000000000e+00,2.000000000000000000e+00,4.166666666666666435e-02,1.647004687032017634e-01,5.000000000000000278e-02
9.000000000000000000e+00,3.000000000000000000e+00,6.250000000000000000e-02,1.572557468166035921e-01,5.000000000000000278e-02
9.000000000000000000e+00,4.000000000000000000e+00,8.333333333333332871e-02,2.968292777117982340e-01,5.000000000000000278e-02
9.000000000000000000e+00,5.000000000000000000e+00,1.041666666666666574e-01,3.792329207839655880e-01,5.000000000000000278e-02
9.000000000000000000e+00,6.000000000000000000e+00,1.250000000000000000e-01,3.822028158688691168e-01,5.000000000000000278e-02
9.000000000000000000e+00,7.000000000000000000e+00,1.458333333333333148e-01,4.940400924422280737e-01,5.000000000000000278e-02
9.000000000000000000e+00,8.000000000000000000e+00,1.666666666666666574e-01,4.686359014155143665e-01,5.000000000000000278e-02
9.000000000000000000e+00,9.000000000000000000e+00,1.875000000000000000e-01,6.695803269345306230e-01,5.000000000000000278e-02
9.000000000000000000e+00,1.000000000000000000e+01,2.083333333333333148e-01,7.361133400060890786e-01,5.000000000000000278e-02
9.000000000000000000e+00,1.100000000000000000e+01,2.291666666666666574e-01,7.420486324059369920e-01,5.000000000000000278e-02
9.000000000000000000e+00,1.200000000000000000e+01,2.500000000000000000e-01,8.549945630485588088e-01,5.000000000000000278e-02
9.000000000000000000e+00,1.300000000000000000e+01,2.708333333333333148e-01,7.808078062103108730e-01,5.000000000000000278e-02
9.000000000000000000e+00,1.400000000000000000e+01,2.916666666666666297e-01,8.679608994582344028e-01,5.000000000000000278e-02
9.000000000000000000e+00,1.500000000000000000e+01,3.125000000000000000e-01,8.811973160466461952e-01,5.000000000000000278e-02
9.000000000000000000e+00,1.600000000000000000e+01,3.333333333333333148e-01,7.602269013663971453e-01,5.000000000000000278e-02
9.000000000000000000e+00,1.700000000000000000e+01,3.541666666666666297e-01,7.330256468526098468e-01,5.000000000000000278e-02
9.000000000000000000e+00,1.800000000000000000e+01,3.750000000000000000e-01,6.694617852879715114e-01,5.000000000000000278e-02
9.000000000000000000e+00,1.900000000000000000e+01,3.958333333333333148e-01,3.897661371192522317e-01,5.000000000000000278e-02
9.000000000000000000e+00,2.000000000000000000e+01,4.166666666666666297e-01,2.998558595311602848e-01,5.000000000000000278e-02
9.000000000000000000e+00,2.100000000000000000e+01,4.375000000000000000e-01,2.596263926335174999e-01,5.000000000000000278e-02
9.000000000000000000e+00,2.200000000000000000e+01,4.583333333333333148e-01,2.428117793771377153e-01,5.000000000000000278e-02
9.000000000000000000e+00,2.300000000000000000e+01,4.791666666666666297e-01,1.951844231029133819e-02,5.000000000000000278e-02
9.000000000000000000e+00,2.400000000000000000e+01,5.000000000000000000e-01,1.312710274330508402e-02,5.000000000000000278e-02
9.000000000000000000e+00,2.500000000000000000e+01,5.208333333333332593e-01,1.291683596605637530e-02,5.000000000000000278e-02
9.000000000000000000e+00,2.600000000000000000e+01,5.416666666666666297e-01,-2.378777026935094963e-01,5.000000000000000278e-02
9.000000000000000000e+00,2.700000000000000000e+01,5.625000000000000000e-01,-2.939104569102322095e-01,5.000000000000000278e-02
9.000000000000000000e+00,2.800000000000000000e+01,5.833333333333332593e-01,-3.225744928378375675e-01,5.000000000000000278e-02
9.000000000000000000e+00,2.900000000000000000e+01,6.041666666666666297e-01,-3.973020549221581987e-01,5.000000000000000278e-02
9.000000000000000000e+00,3.000000000000000000e+01,6.250000000000000000e-01,-4.040132151839435637e-01,5.000000000000000278e-02
9.000000000000000000e+00,3.100000000000000000e+01,6.458333333333332593e-01,-5.181728989672780283e-01,5.000000000000000278e-02
9.000000000000000000e+00,3.200000000000000000e+01,6.666666666666666297e-01,-7.218105371190237651e-01,5.000000000000000278e-02
9.000000000000000000e+00,3.300000000000000000e+01,6.875000000000000000e-01,-7.149876293547655637e-01,5.000000000000000278e-02
9.000000000000000000e+00,3.400000000000000000e+01,7.083333333333332593e-01,-8.491567354808510215e-01,5.000000000000000278e-02
9.000000000000000000e+00,3.500000000000000000e+01,7.291666666666666297e-01,-7.753768674358535451e-01,5.000000000000000278e-02
9.000000000000000000e+00,3.600000000000000000e+01,7.500000000000000000e-01,-8.260795725896907804e-01,5.000000000000000278e-02
9.000000000000000000e+00,3.700000000000000000e+01,7.708333333333332593e-01,-7.486555225400552960e-01,5.000000000000000278e-02
9.000000000000000000e+00,3.800000000000000000e+01,7.916666666666666297e-01,-6.125240499829319729e-01,5.000000000000000278e-02
9.000000000000000000e+00,3.900000000000000000e+01,8.125000000000000000e-01,-5.393946818444260716e-01,5.000000000000000278e-02
9.000000000000000000e+00,4.000000000000000000e+01,8.333333333333332593e-01,-5.042640261405538782e-01,5.000000000000000278e-02
9.000000000000000000e+00,4.100000000000000000e+01,8.541666666666666297e-01,-5.619760318855178127e-01,5.000000000000000278e-02
9.000000000000000000e+00,4.200000000000000000e+01,8.750000000000000000e-01,-3.976783033860852301e-01,5.000000000000000278e-02
9.000000000000000000e+00,4.300000000000000000e+01,8.958333333333332593e-01,-4.170188348220353891e-01,5.000000000000000278e-02
9.000000000000000000e+00,4.400000000000000000e+01,9.166666666666666297e-01,-2.882415889697869660e-01,5.000000000000000278e-02
9.000000000000000000e+00,4.500000000000000000e+01,9.375000000000000000e-01,-3.007972721410624439e-01,5.000000000000000278e-02
9.000000000000000000e+00,4.600000000000000000e+01,9.583333333333332593e-01,-1.329753547921164181e-01,5.000000000000000278e-02
9.000000000000000000e+00,4.700000000000000000e+01,9.791666666666666297e-01,-1.186456625200365267e-01,5.000000000000000278e-02
9.000000000000000000e+00,4.800000000000000000e+01,1.000000000000000000e+00,-6.413173260011684196e-02,5.000000000000000278e-02
1.000000000000000000e+01,0.000000000000000000e+00,0.000000000000000000e+00,1.449894470273436695e-02,5.999999999999999778e-02
1.000000000000000000e+01,1.000000000000000000e+00,1.694915254237288130e-02,2.693876384880675157e-02,5.999999999999999778e-02
1.000000000000000000e+01,2.000000000000000000e+00,3.389830508474576259e-02,2.139057878779633270e-01,5.999999999999999778e-02
1.000000000000000000e+01,3.000000000000000000e+00,5.084745762711864736e-02,1.620283412345732699e-01,5.999999999999999778e-02
1.000000000000000000e+01,4.000000000000000000e+00,6.779661016949152519e-02,2.499305512863906897e-01,5.999999999999999778e-02
1.000000000000000000e+01,5.000000000000000000e+00,8.474576271186440302e-02,3.209854094757043641e-01,5.999999999999999778e-02
1.000000000000000000e+01,6.000000000000000000e+00,1.016949152542372947e-01,3.213912834519091488e-01,5.999999999999999778e-02
1.000000000000000000e+01,7.000000000000000000e+00,1.186440677966101725e-01,4.373074020112371896e-01,5.999999999999999778e-02
1.000000000000000000e+01,8.000000000000000000e+00,1.355932203389830504e-01,4.246625218067809349e-01,5.999999999999999778e-02
1.000000000000000000e+01,9.000000000000000000e+00,1.525423728813559421e-01,4.779937029827063255e-01,5.999999999999999778e-02
1.000000000000000000e+01,1.000000000000000000e+01,1.694915254237288060e-01,6.310659387190217240e-01,5.999999999999999778e-02
1.000000000000000000e+01,1.100000000000000000e+01,1.864406779661016977e-01,5.370162090277814659e-01,5.999999999999999778e-02
1.000000000000000000e+01,1.200000000000000000e+01,2.033898305084745894e-01,5.111022470797234041e-01,5.999999999999999778e-02
1.000000000000000000e+01,1.300000000000000000e+01,2.203389830508474534e-01,8.161179719313735870e-01,5.999999999999999778e-02
1.000000000000000000e+01,1.400000000000000000e+01,2.372881355932203451e-01,9.403664831843403515e-01,5.999999999999999778e-02
1.000000000000000000e+01,1.500000000000000000e+01,2.542372881355932090e-01,8.277943018017637211e-01,5.999999999999999778e-02
1.000000000000000000e+01,1.600000000000000000e+01,2.711864406779661008e-01,7.859002482975814274e-01,5.999999999999999778e-02
1.000000000000000000e+01,1.700000000000000000e+01,2.881355932203389925e-01,9.066148976407167881e-01,5.999999999999999778e-02
1.000000000000000000e+01,1.800000000000000000e+01,3.050847457627118842e-01,8.958357095535338654e-01,5.999999999999999778e-02
1.000000000000000000e+01,1.900000000000000000e+01,3.220338983050847204e-01,8.526235112262808835e-01,5.999999999999999778e-02
1.000000000000000000e+01,2.000000000000000000e+01,3.389830508474576121e-01,7.178601621818693213e-01,5.999999999999999778e-02
1.000000000000000000e+01,2.100000000000000000e+01,3.559322033898305038e-01,7.213782324978729177e-01,5.999999999999999778e-02
1.000000000000000000e+01,2.200000000000000000e+01,3.728813559322033955e-01,6.139690807766755576e-01,5.999999999999999778e-02
1.000000000000000000e+01,2.300000000000000000e+01,3.898305084745762872e-01,3.924754872117219295e-01,5.999999999999999778e-02
1.000000000000000000e+01,2.400000000000000000e+01,4.067796610169491789e-01,4.325640002640306903e-01,5.999999999999999778e-02
1.000000000000000000e+01,2.500000000000000000e+01,4.237288135593220151e-01,4.318228159134792632e-01,5.999999999999999778e-02
1.000000000000000000e+01,2.600000000000000000e+01,4.406779661016949068e-01,2.447041292814449431e-01,5.999999999999999778e-02
1.000000000000000000e+01,2.700000000000000000e+01,4.576271186440677985e-01,1.448336752102796499e-01,5.999999999999999778e-02
1.000000000000000000e+01,2.800000000000000000e+01,4.745762711864406902e-01,8.990982975145740685e-02,5.999999999999999778e-02
1.000000000000000000e+01,2.900000000000000000e+01,4.915254237288135819e-01,6.998328967080126584e-02,5.999999999999999778e-02
1.000000000000000000e+01,3.000000000000000000e+01,5.084745762711864181e-01,-1.353812101486256969e-01,5.999999999999999778e-02
1.000000000000000000e+01,3.100000000000000000e+01,5.254237288135593653e-01,-8.545675085813671246e-02,5.999999999999999778e-02
1.000000000000000000e+01,3.200000000000000000e+01,5.423728813559322015e-01,-1.812923094590471185e-01,5.999999999999999778e-02
1.000000000000000000e+01,3.300000000000000000e+01,5.593220338983050377e-01,-1.078093204403044597e-01,5.999999999999999778e-02
1.000000000000000000e+01,3.400000000000000000e+01,5.762711864406779849e-01,-2.879085879920236235e-01,5.999999999999999778e-02
1.000000000000000000e+01,3.500000000000000000e+01,5.932203389830508211e-01,-2.344831771218738037e-01,5.999999999999999778e-02
1.000000000000000000e+01,3.600000000000000000e+01,6.101694915254237683e-01,-4.579352622163503916e-01,5.999999999999999778e-02
1.000000000000000000e+01,3.700000000000000000e+01,6.271186440677966045e-01,-4.174003491756787532e-01,5.999999999999999778e-02
1.000000000000000000e+01,3.800000000000000000e+01,6.440677966101694407e-01,-5.031611966100653088e-01,5.999999999999999778e-02
1.000000000000000000e+01,3.900000000000000000e+01,6.610169491525423879e-01,-6.558970894390145912e-01,5.999999999999999778e-02
1.000000000000000000e+01,4.000000000000000000e+01,6.779661016949152241e-01,-6.819789679357299850e-01,5.999999999999999778e-02
1.000000000000000000e+01,4.100000000000000000e+01,6.949152542372881713e-01,-7.015773336937818350e-01,5.999999999999999778e-02
1.000000000000000000e+01,4.200000000000000000e+01,7.118644067796610075e-01,-8.477310535245781153e-01,5.999999999999999778e-02
1.000000000000000000e+01,4.300000000000000000e+01,7.288135593220338437e-01,-9.408728764656337784e-01,5.999999999999999778e-02
1.000000000000000000e+01,4.400000000000000000e+01,7.457627118644067910e-01,-8.087489950419414209e-01,5.999999999999999778e-02
1.000000000000000000e+01,4.500000000000000000e+01,7.627118644067796271e-01,-8.028450403504430177e-01,5.999999999999999778e-02
1.000000000000000000e+01,4.600000000000000000e+01,7.796610169491525744e-01,-7.031629233083905861e-01,5.999999999999999778e-02
1.000000000000000000e+01,4.700000000000000000e+01,7.966101694915254106e-01,-6.283156723917909803e-01,5.999999999999999778e-02
1.000000000000000000e+01,4.800000000000000000e+01,8.135593220338983578e-01,-6.771028638962964807e-01,5.999999999999999778e-02
1.000000000000000000e+01,4.900000000000000000e+01,8.305084745762711940e-01,-6.302055268781313613e-01,5.999999999999999778e-02
1.000000000000000000e+01,5.000000000000000000e+01,8.474576271186440302e-01,-4.648000646885421805e-01,5.999999999999999778e-02
1.000000000000000000e+01,5.100000000000000000e+01,8.644067796610169774e-01,-4.836681030147632621e-01,5.999999999999999778e-02
1.000000000000000000e+01,5.200000000000000000e+01,8.813559322033898136e-01,-5.610525036329503390e-01,5.999999999999999778e-02
1.000000000000000000e+01,5.300000000000000000e+01,8.983050847457627608e-01,-3.107662947411117260e-01,5.999999999999999778e-02
1.000000000000000000e+01,5.400000000000000000e+01,9.152542372881355970e-01,-2.882635861122523346e-01,5.999999999999999778e-02
1.000000000000000000e+01,5.500000000000000000e+01,9.322033898305084332e-01,-2.907607247633944292e-01,5.999999999999999778e-02
1.000000000000000000e+01,5.600000000000000000e+01,9.491525423728813804e-01,-2.674559555319144244e-01,5.999999999999999778e-02
1.000000000000000000e+01,5.700000000000000000e+01,9.661016949152542166e-01,-7.668111274168235014e-02,5.999999999999999778e-02
1.000000000000000000e+01,5.800000000000000000e+01,9.830508474576271638e-01,-4.281505515771114739e-02,5.999999999999999778e-02
1.000000000000000000e+01,5.900000000000000000e+01,1.000000000000000000e+00,1.429561368739536431e-01,5.999999999999999778e-02
1.100000000000000000e+01,0.000000000000000000e+00,0.000000000000000000e+00,2.941347531287490796e-02,7.000000000000000666e-02
1.100000000000000000e+01,1.000000000000000000e+00,1.369863013698630061e-02,7.871905811020488142e-02,7.000000000000000666e-02
1.100000000000000000e+01,2.000000000000000000e+00,2.739726027397260122e-02,9.109410351702938724e-02,7.000000000000000666e-02
1.100000000000000000e+01,3.000000000000000000e+00,4.109589041095890183e-02,2.103961828954553637e-01,7.000000000000000666e-02
1.100000000000000000e+01,4.000000000000000000e+00,5.479452054794520244e-02,2.462988127320909215e-01,7.000000000000000666e-02
1.100000000000000000e+01,5.000000000000000000e+00,6.849315068493150305e-02,3.380176658731727235e-01,7.000000000000000666e-02
1.100000000000000000e+01,6.000000000000000000e+00,8.219178082191780366e-02,2.599839927953333518e-01,7.000000000000000666e-02
1.100000000000000000e+01,7.000000000000000000e+00,9.589041095890410427e-02,3.100637652828014956e-01,7.000000000000000666e-02
1.100000000000000000e+01,8.000000000000000000e+00,1.095890410958904049e-01,3.489348971374612862e-01,7.000000000000000666e-02
1.100000000000000000e+01,9.000000000000000000e+00,1.232876712328767055e-01,4.776920469885900800e-01,7.000000000000000666e-02
1.100000000000000000e+01,1.000000000000000000e+01,1.369863013698630061e-01,5.653756446718974926e-01,7.000000000000000666e-02
1.100000000000000000e+01,1.100000000000000000e+01,1.506849315068493067e-01,4.655485316702758780e-01,7.000000000000000666e-02
1.100000000000000000e+01,1.200000000000000000e+01,1.643835616438356073e-01,5.052951214785850187e-01,7.000000000000000666e-02
1.100000000000000000e+01,1.300000000000000000e+01,1.780821917808219079e-01,5.960740579678320827e-01,7.000000000000000666e-02
1.100000000000000000e+01,1.400000000000000000e+01,1.917808219178082085e-01,5.992491281368471645e-01,7.000000000000000666e-02
1.100000000000000000e+01,1.500000000000000000e+01,2.054794520547945091e-01,7.299800924514719958e-01,7.000000000000000666e-02
1.100000000000000000e+01,1.600000000000000000e+01,2.191780821917808098e-01,5.572852507815360124e-01,7.000000000000000666e-02
1.100000000000000000e+01,1.700000000000000000e+01,2.328767123287671104e-01,7.117741542814266520e-01,7.000000000000000666e-02
1.100000000000000000e+01,1.800000000000000000e+01,2.465753424657534110e-01,7.691634890754188714e-01,7.000000000000000666e-02
1.100000000000000000e+01,1.900000000000000000e+01,2.602739726027397116e-01,7.098375362457518545e-01,7.000000000000000666e-02
1.100000000000000000e+01,2.000000000000000000e+01,2.739726027397260122e-01,8.405984310381139357e-01,7.000000000000000666e-02
1.100000000000000000e+01,2.100000000000000000e+01,2.876712328767123128e-01,8.609955041332184589e-01,7.000000000000000666e-02
1.100000000000000000e+01,2.200000000000000000e+01,3.013698630136986134e-01,9.048370147910876904e-01,7.000000000000000666e-02
1.100000000000000000e+01,2.300000000000000000e+01,3.150684931506849140e-01,9.662581614725550549e-01,7.000000000000000666e-02
1.100000000000000000e+01,2.400000000000000000e+01,3.287671232876712146e-01,8.184003704811894098e-01,7.000000000000000666e-02
1.100000000000000000e+01,2.500000000000000000e+01,3.424657534246575152e-01,6.934543389018791304e-01,7.000000000000000666e-02
1.100000000000000000e+01,2.600000000000000000e+01,3.561643835616438158e-01,6.812054943074762337e-01,7.000000000000000666e-02
1.100000000000000000e+01,2.700000000000000000e+01,3.698630136986301165e-01,6.744297925644765490e-01,7.000000000000000666e-02
1.100000000000000000e+01,2.800000000000000000e+01,3.835616438356164171e-01,4.500766328548413409e-01,7.000000000000000666e-02
1.100000000000000000e+01,2.900000000000000000e+01,3.972602739726027177e-01,3.770623912250112286e-01,7.000000000000000666e-02
1.100000000000000000e+01,3.000000000000000000e+01,4.109589041095890183e-01,4.086578027802030832e-01,7.000000000000000666e-02
1.100000000000000000e+01,3.100000000000000000e+01,4.246575342465753189e-01,2.889096155644819697e-01,7.000000000000000666e-02
1.100000000000000000e+01,3.200000000000000000e+01,4.383561643835616195e-01,2.895316409144539915e-01,7.000000000000000666e-02
1.100000000000000000e+01,3.300000000000000000e+01,4.520547945205479201e-01,1.865159464870861372e-01,7.000000000000000666e-02
1.100000000000000000e+01,3.400000000000000000e+01,4.657534246575342207e-01,1.820121048535447983e-01,7.000000000000000666e-02
1.100000000000000000e+01,3.500000000000000000e+01,4.794520547945205213e-01,7.078051645793698166e-03,7.000000000000000666e-02
1.100000000000000000e+01,3.600000000000000000e+01,4.931506849315068219e-01,2.599635996653388778e-02,7.000000000000000666e-02
1.100000000000000000e+01,3.700000000000000000e+01,5.068493150684931781e-01,-4.012531697985298462e-02,7.000000000000000666e-02
1.100000000000000000e+01,3.800000000000000000e+01,5.205479452054794232e-01,-1.621901219124307625e-01,7.000000000000000666e-02
1.100000000000000000e+01,3.900000000000000000e+01,5.342465753424656683e-01,-2.375070451507726443e-01,7.000000000000000666e-02
1.100000000000000000e+01,4.000000000000000000e+01,5.479452054794520244e-01,-1.300687912241545174e-01,7.000000000000000666e-02
1.100000000000000000e+01,4.100000000000000000e+01,5.616438356164383805e-01,-2.514194427393979248e-01,7.000000000000000666e-02
1.100000000000000000e+01,4.200000000000000000e+01,5.753424657534246256e-01,-3.458484468632607722e-01,7.000000000000000666e-02
1.100000000000000000e+01,4.300000000000000000e+01,5.890410958904108707e-01,-3.273027567186145292e-01,7.000000000000000666e-02
1.100000000000000000e+01,4.400000000000000000e+01,6.027397260273972268e-01,-2.874979461801506764e-01,7.000000000000000666e-02
1.100000000000000000e+01,4.500000000000000000e+01,6.164383561643835829e-01,-5.731986566095853552e-01,7.000000000000000666e-02
1.100000000000000000e+01,4.600000000000000000e+01,6.301369863013698280e-01,-5.690299921403719763e-01,7.000000000000000666e-02
1.100000000000000000e+01,4.700000000000000000e+01,6.438356164383560731e-01,-5.858943222440529119e-01,7.000000000000000666e-02
1.100000000000000000e+01,4.800000000000000000e+01,6.575342465753424293e-01,-4.838428229896841182e-01,7.000000000000000666e-02
1.100000000000000000e+01,4.900000000000000000e+01,6.712328767123287854e-01,-6.373589686652931796e-01,7.000000000000000666e-02
1.100000000000000000e+01,5.000000000000000000e+01,6.849315068493150305e-01,-6.744941339050778417e-01,7.000000000000000666e-02
1.100000000000000000e+01,5.100000000000000000e+01,6.986301369863012756e-01,-8.690439848305927528e-01,7.000000000000000666e-02
1.100000000000000000e+01,5.200000000000000000e+01,7.123287671232876317e-01,-9.075849957244165322e-01,7.000000000000000666e-02
1.100000000000000000e+01,5.300000000000000000e+01,7.260273972602739878e-01,-8.093493979582556674e-01,7.000000000000000666e-02
1.100000000000000000e+01,5.400000000000000000e+01,7.397260273972602329e-01,-8.190582856087726960e-01,7.000000000000000666e-02
1.100000000000000000e+01,5.500000000000000000e+01,7.534246575342464780e-01,-7.447496188774415105e-01,7.000000000000000666e-02
1.100000000000000000e+01,5.600000000000000000e+01,7.671232876712328341e-01,-7.445802116580471086e-01,7.000000000000000666e-02
1.100000000000000000e+01,5.700000000000000000e+01,7.808219178082191902e-01,-6.587813726904242495e-01,7.000000000000000666e-02
1.100000000000000000e+01,5.800000000000000000e+01,7.945205479452054353e-01,-6.190663547880023154e-01,7.000000000000000666e-02
1.100000000000000000e+01,5.900000000000000000e+01,8.082191780821916804e-01,-5.346369044816086102e-01,7.000000000000000666e-02
1.100000000000000000e+01,6.000000000000000000e+01,8.219178082191780366e-01,-4.972468319757404887e-01,7.000000000000000666e-02
1.100000000000000000e+01,6.100000000000000000e+01,8.356164383561643927e-01,-6.347498532971133089e-01,7.000000000000000666e-02
1.100000000000000000e+01,6.200000000000000000e+01,8.493150684931506378e-01,-6.466343584914087117e-01,7.000000000000000666e-02
1.100000000000000000e+01,6.300000000000000000e+01,8.630136986301368829e-01,-3.857135318342899133e-01,7.000000000000000666e-02
1.100000000000000000e+01,6.400000000000000000e+01,8.767123287671232390e-01,-3.368066583667503333e-01,7.000000000000000666e-02
1.100000000000000000e+01,6.500000000000000000e+01,8.904109589041095951e-01,-4.527814510981658103e-01,7.000000000000000666e-02
1.100000000000000000e+01,6.600000000000000000e+01,9.041095890410958402e-01,-4.702298921064164139e-01,7.000000000000000666e-02
1.100000000000000000e+01,6.700000000000000000e+01,9.178082191780820853e-01,-2.893376528834931682e-01,7.000000000000000666e-02
1.100000000000000000e+01,6.800000000000000000e+01,9.315068493150684414e-01,-1.851584885131279945e-01,7.000000000000000666e-02
1.100000000000000000e+01,6.900000000000000000e+01,9.452054794520547976e-01,-7.668231351899873482e-02,7.000000000000000666e-02
1.100000000000000000e+01,7.000000000000000000e+01,9.589041095890410427e-01,-1.170711795719345111e-01,7.000000000000000666e-02
1.100000000000000000e+01,7.100000000000000000e+01,9.726027397260272878e-01,-1.287960602851545566e-01,7.000000000000000666e-02
1.100000000000000000e+01,7.200000000000000000e+01,9.863013698630136439e-01,-1.140980234496671297e-01,7.000000000000000666e-02
1.100000000000000000e+01,7.300000000000000000e+01,1.000000000000000000e+00,8.015903298550603948e-04,7.000000000000000666e-02
1.200000000000000000e+01,0.000000000000000000e+00,0.000000000000000000e+00,-4.060244282702335505e-02,4.000000000000000083e-02
1.200000000000000000e+01,1.000000000000000000e+00,1.818181818181818094e-02,1.503464996920385044e-01,4.000000000000000083e-02
1.200000000000000000e+01,2.000000000000000000e+00,3.636363636363636187e-02,2.073115204345042928e-01,4.000000000000000083e-02
1.200000000000000000e+01,3.000000000000000000e+00,5.454545454545454281e-02,2.471001416043787646e-01,4.000000000000000083e-02
1.200000000000000000e+01,4.000000000000000000e+00,7.272727272727272374e-02,2.280080353250059921e-01,4.000000000000000083e-02
1.200000000000000000e+01,5.000000000000000000e+00,9.090909090909091161e-02,3.589631497586351916e-01,4.000000000000000083e-02
1.200000000000000000e+01,6.000000000000000000e+00,1.090909090909090856e-01,4.065698028454756141e-01,4.000000000000000083e-02
1.200000000000000000e+01,7.000000000000000000e+00,1.272727272727272596e-01,4.512886293797382931e-01,4.000000000000000083e-02
1.200000000000000000e+01,8.000000000000000000e+00,1.454545454545454475e-01,5.335093305924725193e-01,4.000000000000000083e-02
1.200000000000000000e+01,9.000000000000000000e+00,1.636363636363636354e-01,5.583772367936419290e-01,4.000000000000000083e-02
1.200000000000000000e+01,1.000000000000000000e+01,1.818181818181818232e-01,6.148520383891988850e-01,4.000000000000000083e-02
1.200000000000000000e+01,1.100000000000000000e+01,1.999999999999999833e-01,6.694741466148647069e-01,4.000000000000000083e-02
1.200000000000000000e+01,1.200000000000000000e+01,2.181818181818181712e-01,7.246538561556801206e-01,4.000000000000000083e-02
1.200000000000000000e+01,1.300000000000000000e+01,2.363636363636363591e-01,7.123501923607030717e-01,4.000000000000000083e-02
1.200000000000000000e+01,1.400000000000000000e+01,2.545454545454545192e-01,8.565339413135188984e-01,4.000000000000000083e-02
1.200000000000000000e+01,1.500000000000000000e+01,2.727272727272727071e-01,8.832432649010223402e-01,4.000000000000000083e-02
1.200000000000000000e+01,1.600000000000000000e+01,2.909090909090908950e-01,8.746039026949365969e-01,4.000000000000000083e-02
1.200000000000000000e+01,1.700000000000000000e+01,3.090909090909090828e-01,9.719005104782675319e-01,4.000000000000000083e-02
1.200000000000000000e+01,1.800000000000000000e+01,3.272727272727272707e-01,9.114176503605443402e-01,4.000000000000000083e-02
1.200000000000000000e+01,1.900000000000000000e+01,3.454545454545454586e-01,8.030857447096720891e-01,4.000000000000000083e-02
1.200000000000000000e+01,2.000000000000000000e+01,3.636363636363636465e-01,6.495538803184452981e-01,4.000000000000000083e-02
1.200000000000000000e+01,2.100000000000000000e+01,3.818181818181817788e-01,5.827026081826739423e-01,4.000000000000000083e-02
1.200000000000000000e+01,2.200000000000000000e+01,3.999999999999999667e-01,4.265172641023303735e-01,4.000000000000000083e-02
1.200000000000000000e+01,2.300000000000000000e+01,4.181818181818181546e-01,3.426239175850261942e-01,4.000000000000000083e-02
1.200000000000000000e+01,2.400000000000000000e+01,4.363636363636363424e-01,2.089761818509081048e-01,4.000000000000000083e-02
1.200000000000000000e+01,2.500000000000000000e+01,4.545454545454545303e-01,1.933005578531369062e-01,4.000000000000000083e-02
1.200000000000000000e+01,2.600000000000000000e+01,4.727272727272727182e-01,1.080364637600693678e-01,4.000000000000000083e-02
1.200000000000000000e+01,2.700000000000000000e+01,4.909090909090909061e-01,-1.667564054164872439e-02,4.000000000000000083e-02
1.200000000000000000e+01,2.800000000000000000e+01,5.090909090909090384e-01,-3.592436032789889794e-02,4.000000000000000083e-02
1.200000000000000000e+01,2.900000000000000000e+01,5.272727272727272263e-01,-1.054013682117725115e-01,4.000000000000000083e-02
1.200000000000000000e+01,3.000000000000000000e+01,5.454545454545454142e-01,-9.716132356714643481e-02,4.000000000000000083e-02
1.200000000000000000e+01,3.100000000000000000e+01,5.636363636363636020e-01,-1.980676128309421802e-01,4.000000000000000083e-02
1.200000000000000000e+01,3.200000000000000000e+01,5.818181818181817899e-01,-2.958234902697911561e-01,4.000000000000000083e-02
1.200000000000000000e+01,3.300000000000000000e+01,5.999999999999999778e-01,-3.472982953034948195e-01,4.000000000000000083e-02
1.200000000000000000e+01,3.400000000000000000e+01,6.181818181818181657e-01,-4.179742129039880072e-01,4.000000000000000083e-02
1.200000000000000000e+01,3.500000000000000000e+01,6.363636363636363535e-01,-4.973822666705386975e-01,4.000000000000000083e-02
1.200000000000000000e+01,3.600000000000000000e+01,6.545454545454545414e-01,-6.146292557533286072e-01,4.000000000000000083e-02
1.200000000000000000e+01,3.700000000000000000e+01,6.727272727272727293e-01,-6.710867151460893076e-01,4.000000000000000083e-02
1.200000000000000000e+01,3.800000000000000000e+01,6.909090909090909172e-01,-7.865896341292484273e-01,4.000000000000000083e-02
1.200000000000000000e+01,3.900000000000000000e+01,7.090909090909091050e-01,-8.721713813523008785e-01,4.000000000000000083e-02
1.200000000000000000e+01,4.000000000000000000e+01,7.272727272727272929e-01,-8.197977495465622599e-01,4.000000000000000083e-02
1.200000000000000000e+01,4.100000000000000000e+01,7.454545454545453698e-01,-7.929261172207168196e-01,4.000000000000000083e-02
1.200000000000000000e+01,4.200000000000000000e+01,7.636363636363635576e-01,-8.165767627263077477e-01,4.000000000000000083e-02
1.200000000000000000e+01,4.300000000000000000e+01,7.818181818181817455e-01,-6.794389466999259941e-01,4.000000000000000083e-02
1.200000000000000000e+01,4.400000000000000000e+01,7.999999999999999334e-01,-5.730591831926117319e-01,4.000000000000000083e-02
1.200000000000000000e+01,4.500000000000000000e+01,8.181818181818181213e-01,-5.205907467584481862e-01,4.000000000000000083e-02
1.200000000000000000e+01,4.600000000000000000e+01,8.363636363636363091e-01,-4.785896145792837286e-01,4.000000000000000083e-02
1.200000000000000000e+01,4.700000000000000000e+01,8.545454545454544970e-01,-4.752220306873441991e-01,4.000000000000000083e-02
1.200000000000000000e+01,4.800000000000000000e+01,8.727272727272726849e-01,-4.644646022502292304e-01,4.000000000000000083e-02
1.200000000000000000e+01,4.900000000000000000e+01,8.909090909090908728e-01,-4.232302652122572617e-01,4.000000000000000083e-02
1.200000000000000000e+01,5.000000000000000000e+01,9.090909090909090606e-01,-3.106124423307149995e-01,4.000000000000000083e-02
1.200000000000000000e+01,5.100000000000000000e+01,9.272727272727272485e-01,-2.495631004141360687e-01,4.000000000000000083e-02
1.200000000000000000e+01,5.200000000000000000e+01,9.454545454545454364e-01,-1.501365759551738233e-01,4.000000000000000083e-02
1.200000000000000000e+01,5.300000000000000000e+01,9.636363636363636243e-01,-9.189889170278038588e-02,4.000000000000000083e-02
1.200000000000000000e+01,5.400000000000000000e+01,9.818181818181818121e-01,-7.368399353956980868e-02,4.000000000000000083e-02
1.200000000000000000e+01,5.500000000000000000e+01,1.000000000000000000e+00,-4.976823524152552969e-02,4.000000000000000083e-02
1.300000000000000000e+01,0.000000000000000000e+00,0.000000000000000000e+00,-1.595505644841560197e-02,5.000000000000000278e-02
1.300000000000000000e+01,1.000000000000000000e+00,1.298701298701298787e-02,5.976802962390748153e-02,5.000000000000000278e-02
1.300000000000000000e+01,2.000000000000000000e+00,2.597402597402597574e-02,8.738432851686130098e-02,5.000000000000000278e-02
1.300000000000000000e+01,3.000000000000000000e+00,3.896103896103896014e-02,1.165306563689304381e-01,5.000000000000000278e-02
1.300000000000000000e+01,4.000000000000000000e+00,5.194805194805195148e-02,2.050482919623875244e-01,5.000000000000000278e-02
1.300000000000000000e+01,5.000000000000000000e+00,6.493506493506494281e-02,2.129284648805865876e-01,5.000000000000000278e-02
1.300000000000000000e+01,6.000000000000000000e+00,7.792207792207792028e-02,2.509173764247975558e-01,5.000000000000000278e-02
1.300000000000000000e+01,7.000000000000000000e+00,9.090909090909091161e-02,3.403350185019159979e-01,5.000000000000000278e-02
1.300000000000000000e+01,8.000000000000000000e+00,1.038961038961039030e-01,3.452073885055803038e-01,5.000000000000000278e-02
1.300000000000000000e+01,9.000000000000000000e+00,1.168831168831168943e-01,4.161459263107327722e-01,5.000000000000000278e-02
1.300000000000000000e+01,1.000000000000000000e+01,1.298701298701298856e-01,4.545076182360642258e-01,5.000000000000000278e-02
1.300000000000000000e+01,1.100000000000000000e+01,1.428571428571428770e-01,4.195129111297692948e-01,5.000000000000000278e-02
1.300000000000000000e+01,1.200000000000000000e+01,1.558441558441558406e-01,4.875795880202757893e-01,5.000000000000000278e-02
1.300000000000000000e+01,1.300000000000000000e+01,1.688311688311688319e-01,6.193341241583469881e-01,5.000000000000000278e-02
1.300000000000000000e+01,1.400000000000000000e+01,1.818181818181818232e-01,5.271474933003111873e-01,5.000000000000000278e-02
1.300000000000000000e+01,1.500000000000000000e+01,1.948051948051948146e-01,5.205548037165831365e-01,5.000000000000000278e-02
1.300000000000000000e+01,1.600000000000000000e+01,2.077922077922078059e-01,5.786396784305526397e-01,5.000000000000000278e-02
1.300000000000000000e+01,1.700000000000000000e+01,2.207792207792207972e-01,7.226494404424496087e-01,5.000000000000000278e-02
1.300000000000000000e+01,1.800000000000000000e+01,2.337662337662337886e-01,7.747787116581230649e-01,5.000000000000000278e-02
1.300000000000000000e+01,1.900000000000000000e+01,2.467532467532467799e-01,8.187315490994602207e-01,5.000000000000000278e-02
1.300000000000000000e+01,2.000000000000000000e+01,2.597402597402597713e-01,9.312800596333506986e-01,5.000000000000000278e-02
1.300000000000000000e+01,2.100000000000000000e+01,2.727272727272727626e-01,7.718492215998404848e-01,5.000000000000000278e-02
1.300000000000000000e+01,2.200000000000000000e+01,2.857142857142857539e-01,9.437687953666752394e-01,5.000000000000000278e-02
1.300000000000000000e+01,2.300000000000000000e+01,2.987012987012987453e-01,1.000107523782208352e+00,5.000000000000000278e-02
1.300000000000000000e+01,2.400000000000000000e+01,3.116883116883116811e-01,8.417104310791485577e-01,5.000000000000000278e-02
1.300000000000000000e+01,2.500000000000000000e+01,3.246753246753246724e-01,8.344053410197097564e-01,5.000000000000000278e-02
1.300000000000000000e+01,2.600000000000000000e+01,3.376623376623376638e-01,7.540427213313452004e-01,5.000000000000000278e-02
1.300000000000000000e+01,2.700000000000000000e+01,3.506493506493506551e-01,6.736656941378698082e-01,5.000000000000000278e-02
1.300000000000000000e+01,2.800000000000000000e+01,3.636363636363636465e-01,6.230322433930584047e-01,5.000000000000000278e-02
1.300000000000000000e+01,2.900000000000000000e+01,3.766233766233766378e-01,6.311384101217606402e-01,5.000000000000000278e-02
1.300000000000000000e+01,3.000000000000000000e+01,3.896103896103896291e-01,5.752616977211293392e-01,5.000000000000000278e-02
1.300000000000000000e+01,3.100000000000000000e+01,4.025974025974026205e-01,3.954788155507118486e-01,5.000000000000000278e-02
1.300000000000000000e+01,3.200000000000000000e+01,4.155844155844156118e-01,4.421799290681418526e-01,5.000000000000000278e-02
1.300000000000000000e+01,3.300000000000000000e+01,4.285714285714286031e-01,2.885529536428083075e-01,5.000000000000000278e-02
1.300000000000000000e+01,3.400000000000000000e+01,4.415584415584415945e-01,3.183711694562408878e-01,5.000000000000000278e-02
1.300000000000000000e+01,3.500000000000000000e+01,4.545454545454545858e-01,1.727559731905084772e-01,5.000000000000000278e-02
1.300000000000000000e+01,3.600000000000000000e+01,4.675324675324675772e-01,1.324652839370496771e-01,5.000000000000000278e-02
1.300000000000000000e+01,3.700000000000000000e+01,4.805194805194805685e-01,9.368179422793215805e-02,5.000000000000000278e-02
1.300000000000000000e+01,3.800000000000000000e+01,4.935064935064935598e-01,1.844228885089947700e-01,5.000000000000000278e-02
1.300000000000000000e+01,3.900000000000000000e+01,5.064935064935065512e-01,1.853764698502821315e-02,5.000000000000000278e-02
1.300000000000000000e+01,4.000000000000000000e+01,5.194805194805195425e-01,-1.084348878914825343e-01,5.000000000000000278e-02
1.300000000000000000e+01,4.100000000000000000e+01,5.324675324675325339e-01,-7.304160291355502044e-02,5.000000000000000278e-02
1.300000000000000000e+01,4.200000000000000000e+01,5.454545454545455252e-01,-1.871553970871493722e-01,5.000000000000000278e-02
1.300000000000000000e+01,4.300000000000000000e+01,5.584415584415585165e-01,-2.400563448200995487e-01,5.000000000000000278e-02
1.300000000000000000e+01,4.400000000000000000e+01,5.714285714285715079e-01,-2.154399895736502646e-01,5.000000000000000278e-02
1.300000000000000000e+01,4.500000000000000000e+01,5.844155844155844992e-01,-3.034854217845751601e-01,5.000000000000000278e-02
1.300000000000000000e+01,4.600000000000000000e+01,5.974025974025974906e-01,-3.346171850749114496e-01,5.000000000000000278e-02
1.300000000000000000e+01,4.700000000000000000e+01,6.103896103896104819e-01,-3.917684144095346932e-01,5.000000000000000278e-02
1.300000000000000000e+01,4.800000000000000000e+01,6.233766233766233622e-01,-4.217776041227930262e-01,5.000000000000000278e-02
1.300000000000000000e+01,4.900000000000000000e+01,6.363636363636363535e-01,-4.680174124069093056e-01,5.000000000000000278e-02
1.300000000000000000e+01,5.000000000000000000e+01,6.493506493506493449e-01,-6.433039613104973853e-01,5.000000000000000278e-02
1.300000000000000000e+01,5.100000000000000000e+01,6.623376623376623362e-01,-5.772075768085246361e-01,5.000000000000000278e-02
1.300000000000000000e+01,5.200000000000000000e+01,6.753246753246753276e-01,-7.278618771977881652e-01,5.000000000000000278e-02
1.300000000000000000e+01,5.300000000000000000e+01,6.883116883116883189e-01,-8.167546288133580301e-01,5.000000000000000278e-02
1.300000000000000000e+01,5.400000000000000000e+01,7.012987012987013102e-01,-8.019034616871696386e-01,5.000000000000000278e-02
1.300000000000000000e+01,5.500000000000000000e+01,7.142857142857143016e-01,-8.285003762054399257e-01,5.000000000000000278e-02
1.300000000000000000e+01,5.600000000000000000e+01,7.272727272727272929e-01,-8.749219303570777706e-01,5.000000000000000278e-02
1.300000000000000000e+01,5.700000000000000000e+01,7.402597402597402843e-01,-7.803860835053495482e-01,5.000000000000000278e-02
1.300000000000000000e+01,5.800000000000000000e+01,7.532467532467532756e-01,-8.508890762054570622e-01,5.000000000000000278e-02
1.300000000000000000e+01,5.900000000000000000e+01,7.662337662337662669e-01,-7.552894749355540949e-01,5.000000000000000278e-02
1.300000000000000000e+01,6.000000000000000000e+01,7.792207792207792583e-01,-7.135335044421723394e-01,5.000000000000000278e-02
1.300000000000000000e+01,6.100000000000000000e+01,7.922077922077922496e-01,-6.400944789357727593e-01,5.000000000000000278e-02
1.300000000000000000e+01,6.200000000000000000e+01,8.051948051948052409e-01,-5.836277118689499055e-01,5.000000000000000278e-02
1.300000000000000000e+01,6.300000000000000000e+01,8.181818181818182323e-01,-6.133543437954780408e-01,5.000000000000000278e-02
1.300000000000000000e+01,6.400000000000000000e+01,8.311688311688312236e-01,-4.955060539200276115e-01,5.000000000000000278e-02
1.300000000000000000e+01,6.500000000000000000e+01,8.441558441558442150e-01,-4.983342635591849756e-01,5.000000000000000278e-02
1.300000000000000000e+01,6.600000000000000000e+01,8.571428571428572063e-01,-5.650419785818929785e-01,5.000000000000000278e-02
1.300000000000000000e+01,6.700000000000000000e+01,8.701298701298701976e-01,-5.354528657837301919e-01,5.000000000000000278e-02
1.300000000000000000e+01,6.800000000000000000e+01,8.831168831168831890e-01,-4.028545771308247314e-01,5.000000000000000278e-02
1.300000000000000000e+01,6.900000000000000000e+01,8.961038961038961803e-01,-3.755408364399439591e-01,5.000000000000000278e-02
1.300000000000000000e+01,7.000000000000000000e+01,9.090909090909091717e-01,-3.295676441994606076e-01,5.000000000000000278e-02
1.300000000000000000e+01,7.100000000000000000e+01,9.220779220779221630e-01,-2.835652294983657673e-01,5.000000000000000278e-02
1.300000000000000000e+01,7.200000000000000000e+01,9.350649350649351543e-01,-2.267867145947625174e-01,5.000000000000000278e-02
1.300000000000000000e+01,7.300000000000000000e+01,9.480519480519481457e-01,-1.449983288447472263e-01,5.000000000000000278e-02
1.300000000000000000e+01,7.400000000000000000e+01,9.610389610389611370e-01,-2.009723117888327082e-01,5.000000000000000278e-02
1.300000000000000000e+01,7.500000000000000000e+01,9.740259740259741283e-01,-1.560842655061186468e-01,5.000000000000000278e-02
1.300000000000000000e+01,7.600000000000000000e+01,9.870129870129871197e-01,-1.035717636492016203e-01,5.000000000000000278e-02
1.300000000000000000e+01,7.700000000000000000e+01,1.000000000000000000e+00,1.444583327134459604e-02,5.000000000000000278e-02
1.400000000000000000e+01,0.000000000000000000e+00,0.000000000000000000e+00,-2.588009289224133674e-02,5.999999999999999778e-02
1.400000000000000000e+01,1.000000000000000000e+00,1.282051282051282007e-02,-1.018211630050453592e-01,5.999999999999999778e-02
1.400000000000000000e+01,2.000000000000000000e+00,2.564102564102564014e-02,-5.990073229654044318e-03,5.999999999999999778e-02
1.400000000000000000e+01,3.000000000000000000e+00,3.846153846153846367e-02,9.361518223185830156e-02,5.999999999999999778e-02
1.400000000000000000e+01,4.000000000000000000e+00,5.128205128205128027e-02,1.565592602470173567e-01,5.999999999999999778e-02
1.400000000000000000e+01,5.000000000000000000e+00,6.410256410256409687e-02,2.107352492298424917e-01,5.999999999999999778e-02
1.400000000000000000e+01,6.000000000000000000e+00,7.692307692307692735e-02,2.812957321101528518e-01,5.999999999999999778e-02
1.400000000000000000e+01,7.000000000000000000e+00,8.974358974358974395e-02,3.023248184214377687e-01,5.999999999999999778e-02
1.400000000000000000e+01,8.000000000000000000e+00,1.025641025641025605e-01,4.241980173100756701e-01,5.999999999999999778e-02
1.400000000000000000e+01,9.000000000000000000e+00,1.153846153846153771e-01,3.590157234475599424e-01,5.999999999999999778e-02
1.400000000000000000e+01,1.000000000000000000e+01,1.282051282051281937e-01,3.844603727694366757e-01,5.999999999999999778e-02
1.400000000000000000e+01,1.100000000000000000e+01,1.410256410256410242e-01,5.002421914870310848e-01,5.999999999999999778e-02
1.400000000000000000e+01,1.200000000000000000e+01,1.538461538461538547e-01,4.140839374623733193e-01,5.999999999999999778e-02
1.400000000000000000e+01,1.300000000000000000e+01,1.666666666666666574e-01,5.647585279976039541e-01,5.999999999999999778e-02
1.400000000000000000e+01,1.400000000000000000e+01,1.794871794871794879e-01,5.844090533902372986e-01,5.999999999999999778e-02
1.400000000000000000e+01,1.500000000000000000e+01,1.923076923076922906e-01,6.093202596341186217e-01,5.999999999999999778e-02
1.400000000000000000e+01,1.600000000000000000e+01,2.051282051282051211e-01,7.573698114534481718e-01,5.999999999999999778e-02
1.400000000000000000e+01,1.700000000000000000e+01,2.179487179487179516e-01,6.727828387683368883e-01,5.999999999999999778e-02
1.400000000000000000e+01,1.800000000000000000e+01,2.307692307692307543e-01,8.847550363011487118e-01,5.999999999999999778e-02
1.400000000000000000e+01,1.900000000000000000e+01,2.435897435897435848e-01,7.988672441776140110e-01,5.999999999999999778e-02
1.400000000000000000e+01,2.000000000000000000e+01,2.564102564102563875e-01,7.829876548064855779e-01,5.999999999999999778e-02
1.400000000000000000e+01,2.100000000000000000e+01,2.692307692307692180e-01,9.016928235085039933e-01,5.999999999999999778e-02
1.400000000000000000e+01,2.200000000000000000e+01,2.820512820512820484e-01,8.561178160228025691e-01,5.999999999999999778e-02
1.400000000000000000e+01,2.300000000000000000e+01,2.948717948717948789e-01,8.797702683919341737e-01,5.999999999999999778e-02
1.400000000000000000e+01,2.400000000000000000e+01,3.076923076923077094e-01,9.316107099446406803e-01,5.999999999999999778e-02
1.400000000000000000e+01,2.500000000000000000e+01,3.205128205128204844e-01,9.031341492244434610e-01,5.999999999999999778e-02
1.400000000000000000e+01,2.600000000000000000e+01,3.333333333333333148e-01,7.765034904224846768e-01,5.999999999999999778e-02
1.400000000000000000e+01,2.700000000000000000e+01,3.461538461538461453e-01,8.039442791487403372e-01,5.999999999999999778e-02
1.400000000000000000e+01,2.800000000000000000e+01,3.589743589743589758e-01,7.374762090578979024e-01,5.999999999999999778e-02
1.400000000000000000e+01,2.900000000000000000e+01,3.717948717948718063e-01,6.753191463522704163e-01,5.999999999999999778e-02
1.400000000000000000e+01,3.000000000000000000e+01,3.846153846153845812e-01,5.439833928113134709e-01,5.999999999999999778e-02
1.400000000000000000e+01,3.100000000000000000e+01,3.974358974358974117e-01,5.216539164286650987e-01,5.999999999999999778e-02
1.400000000000000000e+01,3.200000000000000000e+01,4.102564102564102422e-01,2.602094393185567234e-01,5.999999999999999778e-02
1.400000000000000000e+01,3.300000000000000000e+01,4.230769230769230727e-01,2.925805331046484326e-01,5.999999999999999778e-02
1.400000000000000000e+01,3.400000000000000000e+01,4.358974358974359031e-01,2.026962672094862750e-01,5.999999999999999778e-02
1.400000000000000000e+01,3.500000000000000000e+01,4.487179487179486781e-01,2.082012215639548469e-01,5.999999999999999778e-02
1.400000000000000000e+01,3.600000000000000000e+01,4.615384615384615086e-01,1.152360974925236148e-01,5.999999999999999778e-02
1.400000000000000000e+01,3.700000000000000000e+01,4.743589743589743390e-01,8.930488050104878894e-02,5.999999999999999778e-02
1.400000000000000000e+01,3.800000000000000000e+01,4.871794871794871695e-01,1.626778219157828664e-01,5.999999999999999778e-02
1.400000000000000000e+01,3.900000000000000000e+01,5.000000000000000000e-01,-9.507891157264712623e-03,5.999999999999999778e-02
1.400000000000000000e+01,4.000000000000000000e+01,5.128205128205127750e-01,-2.315854457228086472e-02,5.999999999999999778e-02
1.400000000000000000e+01,4.100000000000000000e+01,5.256410256410256610e-01,-1.100670793919451412e-01,5.999999999999999778e-02
1.400000000000000000e+01,4.200000000000000000e+01,5.384615384615384359e-01,-1.390245786411740125e-01,5.999999999999999778e-02
1.400000000000000000e+01,4.300000000000000000e+01,5.512820512820512109e-01,-1.897136531209702992e-01,5.999999999999999778e-02
1.400000000000000000e+01,4.400000000000000000e+01,5.641025641025640969e-01,-2.085664456267841693e-01,5.999999999999999778e-02
1.400000000000000000e+01,4.500000000000000000e+01,5.769230769230768718e-01,-2.097612154896251191e-01,5.999999999999999778e-02
1.400000000000000000e+01,4.600000000000000000e+01,5.897435897435897578e-01,-2.240796454069754473e-01,5.999999999999999778e-02
1.400000000000000000e+01,4.700000000000000000e+01,6.025641025641025328e-01,-3.472905356107443553e-01,5.999999999999999778e-02
1.400000000000000000e+01,4.800000000000000000e+01,6.153846153846154188e-01,-3.744581839559589231e-01,5.999999999999999778e-02
1.400000000000000000e+01,4.900000000000000000e+01,6.282051282051281937e-01,-5.258398607163691230e-01,5.999999999999999778e-02
1.400000000000000000e+01,5.000000000000000000e+01,6.410256410256409687e-01,-5.142466369846911967e-01,5.999999999999999778e-02
1.400000000000000000e+01,5.100000000000000000e+01,6.538461538461538547e-01,-5.115024322809248458e-01,5.999999999999999778e-02
1.400000000000000000e+01,5.200000000000000000e+01,6.666666666666666297e-01,-5.811043158318881519e-01,5.999999999999999778e-02
1.400000000000000000e+01,5.300000000000000000e+01,6.794871794871795156e-01,-6.878408416908233791e-01,5.999999999999999778e-02
1.400000000000000000e+01,5.400000000000000000e+01,6.923076923076922906e-01,-7.098615558687957350e-01,5.999999999999999778e-02
1.400000000000000000e+01,5.500000000000000000e+01,7.051282051282050656e-01,-7.819681024148119608e-01,5.999999999999999778e-02
1.400000000000000000e+01,5.600000000000000000e+01,7.179487179487179516e-01,-7.655639810104027942e-01,5.999999999999999778e-02
1.400000000000000000e+01,5.700000000000000000e+01,7.307692307692307265e-01,-8.203382121605599098e-01,5.999999999999999778e-02
1.400000000000000000e+01,5.800000000000000000e+01,7.435897435897436125e-01,-8.350497485121668451e-01,5.999999999999999778e-02
1.400000000000000000e+01,5.900000000000000000e+01,7.564102564102563875e-01,-7.523486415930349391e-01,5.999999999999999778e-02
1.400000000000000000e+01,6.000000000000000000e+01,7.692307692307691624e-01,-8.989741539311529861e-01,5.999999999999999778e-02
1.400000000000000000e+01,6.100000000000000000e+01,7.820512820512820484e-01,-6.506924119256308758e-01,5.999999999999999778e-02
1.400000000000000000e+01,6.200000000000000000e+01,7.948717948717948234e-01,-8.478989214881560432e-01,5.999999999999999778e-02
1.400000000000000000e+01,6.300000000000000000e+01,8.076923076923077094e-01,-6.939463555188923882e-01,5.999999999999999778e-02
1.400000000000000000e+01,6.400000000000000000e+01,8.205128205128204844e-01,-5.300705683536328650e-01,5.999999999999999778e-02
1.400000000000000000e+01,6.500000000000000000e+01,8.333333333333332593e-01,-4.980172341013562876e-01,5.999999999999999778e-02
1.400000000000000000e+01,6.600000000000000000e+01,8.461538461538461453e-01,-5.665422712653517268e-01,5.999999999999999778e-02
1.400000000000000000e+01,6.700000000000000000e+01,8.589743589743589203e-01,-5.086585061006984043e-01,5.999999999999999778e-02
1.400000000000000000e+01,6.800000000000000000e+01,8.717948717948718063e-01,-3.509042042467092060e-01,5.999999999999999778e-02
1.400000000000000000e+01,6.900000000000000000e+01,8.846153846153845812e-01,-4.270499522520048719e-01,5.999999999999999778e-02
1.400000000000000000e+01,7.000000000000000000e+01,8.974358974358973562e-01,-2.259099371423293201e-01,5.999999999999999778e-02
1.400000000000000000e+01,7.100000000000000000e+01,9.102564102564102422e-01,-3.208054309442956997e-01,5.999999999999999778e-02
1.400000000000000000e+01,7.200000000000000000e+01,9.230769230769230171e-01,-2.543543800580442826e-01,5.999999999999999778e-02
1.400000000000000000e+01,7.300000000000000000e+01,9.358974358974359031e-01,-1.381680974316108479e-01,5.999999999999999778e-02
1.400000000000000000e+01,7.400000000000000000e+01,9.487179487179486781e-01,-1.821392915372751220e-01,5.999999999999999778e-02
1.400000000000000000e+01,7.500000000000000000e+01,9.615384615384614531e-01,-2.037300603151030454e-01,5.999999999999999778e-02
1.400000000000000000e+01,7.600000000000000000e+01,9.743589743589743390e-01,-1.028304195326998072e-01,5.999999999999999778e-02
1.400000000000000000e+01,7.700000000000000000e+01,9.871794871794871140e-01,-5.041658601274512375e-02,5.999999999999999778e-02
1.400000000000000000e+01,7.800000000000000000e+01,1.000000000000000000e+00,-8.188449921918466989e-02,5.999999999999999778e-02
1.500000000000000000e+01,0.000000000000000000e+00,0.000000000000000000e+00,-1.790797159172834857e-02,7.000000000000000666e-02
1.500000000000000000e+01,1.000000000000000000e+00,1.754385964912280604e-02,1.405283565077606461e-02,7.000000000000000666e-02
1.500000000000000000e+01,2.000000000000000000e+00,3.508771929824561209e-02,1.959197491607450048e-01,7.000000000000000666e-02
1.500000000000000000e+01,3.000000000000000000e+00,5.263157894736841813e-02,1.972671577018500766e-01,7.000000000000000666e-02
1.500000000000000000e+01,4.000000000000000000e+00,7.017543859649122417e-02,2.363613236042493848e-01,7.000000000000000666e-02
1.500000000000000000e+01,5.000000000000000000e+00,8.771929824561403022e-02,3.070773177263411702e-01,7.000000000000000666e-02
1.500000000000000000e+01,6.000000000000000000e+00,1.052631578947368363e-01,3.850809454805268484e-01,7.000000000000000666e-02
1.500000000000000000e+01,7.000000000000000000e+00,1.228070175438596423e-01,4.641462115511439945e-01,7.000000000000000666e-02
1.500000000000000000e+01,8.000000000000000000e+00,1.403508771929824483e-01,3.996939394305342730e-01,7.000000000000000666e-02
1.500000000000000000e+01,9.000000000000000000e+00,1.578947368421052544e-01,4.443077497222928107e-01,7.000000000000000666e-02
1.500000000000000000e+01,1.000000000000000000e+01,1.754385964912280604e-01,6.436690020934491274e-01,7.000000000000000666e-02
1.500000000000000000e+01,1.100000000000000000e+01,1.929824561403508665e-01,5.915088622659184781e-01,7.000000000000000666e-02
1.500000000000000000e+01,1.200000000000000000e+01,2.105263157894736725e-01,5.826511249389777491e-01,7.000000000000000666e-02
1.500000000000000000e+01,1.300000000000000000e+01,2.280701754385964786e-01,7.813263804257454259e-01,7.000000000000000666e-02
1.500000000000000000e+01,1.400000000000000000e+01,2.456140350877192846e-01,8.526802949674646692e-01,7.000000000000000666e-02
1.500000000000000000e+01,1.500000000000000000e+01,2.631578947368420907e-01,7.739143513533034424e-01,7.000000000000000666e-02
1.500000000000000000e+01,1.600000000000000000e+01,2.807017543859648967e-01,9.351490266583460942e-01,7.000000000000000666e-02
1.500000000000000000e+01,1.700000000000000000e+01,2.982456140350877027e-01,9.739655370435880144e-01,7.000000000000000666e-02
1.500000000000000000e+01,1.800000000000000000e+01,3.157894736842105088e-01,9.122991815125277570e-01,7.000000000000000666e-02
1.500000000000000000e+01,1.900000000000000000e+01,3.333333333333333148e-01,8.580722563010377835e-01,7.000000000000000666e-02
1.500000000000000000e+01,2.000000000000000000e+01,3.508771929824561209e-01,6.187302187714768253e-01,7.000000000000000666e-02
1.500000000000000000e+01,2.100000000000000000e+01,3.684210526315789269e-01,6.330266899947869508e-01,7.000000000000000666e-02
1.500000000000000000e+01,2.200000000000000000e+01,3.859649122807017330e-01,4.831730175075767408e-01,7.000000000000000666e-02
1.500000000000000000e+01,2.300000000000000000e+01,4.035087719298245390e-01,3.737082002024194605e-01,7.000000000000000666e-02
1.500000000000000000e+01,2.400000000000000000e+01,4.210526315789473450e-01,3.819631103866796829e-01,7.000000000000000666e-02
1.500000000000000000e+01,2.500000000000000000e+01,4.385964912280701511e-01,3.467358597342833360e-01,7.000000000000000666e-02
1.500000000000000000e+01,2.600000000000000000e+01,4.561403508771929571e-01,2.966249220793419905e-01,7.000000000000000666e-02
1.500000000000000000e+01,2.700000000000000000e+01,4.736842105263157632e-01,1.939340494703570283e-01,7.000000000000000666e-02
1.500000000000000000e+01,2.800000000000000000e+01,4.912280701754385692e-01,2.652620620484310784e-02,7.000000000000000666e-02
1.500000000000000000e+01,2.900000000000000000e+01,5.087719298245614308e-01,-7.977442076255263775e-03,7.000000000000000666e-02
1.500000000000000000e+01,3.000000000000000000e+01,5.263157894736841813e-01,-4.496954049529480746e-02,7.000000000000000666e-02
1.500000000000000000e+01,3.100000000000000000e+01,5.438596491228069318e-01,-1.547925581107656157e-01,7.000000000000000666e-02
1.500000000000000000e+01,3.200000000000000000e+01,5.614035087719297934e-01,-2.168550305283973578e-01,7.000000000000000666e-02
1.500000000000000000e+01,3.300000000000000000e+01,5.789473684210526550e-01,-2.288987311784863032e-01,7.000000000000000666e-02
1.500000000000000000e+01,3.400000000000000000e+01,5.964912280701754055e-01,-3.496457396075239310e-01,7.000000000000000666e-02
1.500000000000000000e+01,3.500000000000000000e+01,6.140350877192981560e-01,-4.561510665708287116e-01,7.000000000000000666e-02
1.500000000000000000e+01,3.600000000000000000e+01,6.315789473684210176e-01,-4.989420822304886372e-01,7.000000000000000666e-02
1.500000000000000000e+01,3.700000000000000000e+01,6.491228070175438791e-01,-5.010164678145104800e-01,7.000000000000000666e-02
1.500000000000000000e+01,3.800000000000000000e+01,6.666666666666666297e-01,-6.328529037529204704e-01,7.000000000000000666e-02
1.500000000000000000e+01,3.900000000000000000e+01,6.842105263157893802e-01,-7.008021670940317582e-01,7.000000000000000666e-02
1.500000000000000000e+01,4.000000000000000000e+01,7.017543859649122417e-01,-7.536559339549002701e-01,7.000000000000000666e-02
1.500000000000000000e+01,4.100000000000000000e+01,7.192982456140351033e-01,-8.650756021360272996e-01,7.000000000000000666e-02
1.500000000000000000e+01,4.200000000000000000e+01,7.368421052631578538e-01,-7.760710197439784075e-01,7.000000000000000666e-02
1.500000000000000000e+01,4.300000000000000000e+01,7.543859649122806044e-01,-7.532642052167121127e-01,7.000000000000000666e-02
1.500000000000000000e+01,4.400000000000000000e+01,7.719298245614034659e-01,-7.989498860571504490e-01,7.000000000000000666e-02
1.500000000000000000e+01,4.500000000000000000e+01,7.894736842105263275e-01,-5.460931115725833340e-01,7.000000000000000666e-02
1.500000000000000000e+01,4.600000000000000000e+01,8.070175438596490780e-01,-6.274706580198530226e-01,7.000000000000000666e-02
1.500000000000000000e+01,4.700000000000000000e+01,8.245614035087718285e-01,-6.632042457618917419e-01,7.000000000000000666e-02
1.500000000000000000e+01,4.800000000000000000e+01,8.421052631578946901e-01,-5.794273668952948375e-01,7.000000000000000666e-02
1.500000000000000000e+01,4.900000000000000000e+01,8.596491228070175517e-01,-5.357330549072507608e-01,7.000000000000000666e-02
1.500000000000000000e+01,5.000000000000000000e+01,8.771929824561403022e-01,-4.149871856135368131e-01,7.000000000000000666e-02
1.500000000000000000e+01,5.100000000000000000e+01,8.947368421052630527e-01,-3.877489861701970408e-01,7.000000000000000666e-02
1.500000000000000000e+01,5.200000000000000000e+01,9.122807017543859143e-01,-3.377906507884800291e-01,7.000000000000000666e-02
1.500000000000000000e+01,5.300000000000000000e+01,9.298245614035087758e-01,-2.126879447205258789e-01,7.000000000000000666e-02
1.500000000000000000e+01,5.400000000000000000e+01,9.473684210526315264e-01,-1.710285512577270073e-01,7.000000000000000666e-02
1.500000000000000000e+01,5.500000000000000000e+01,9.649122807017542769e-01,-1.090853182953983314e-01,7.000000000000000666e-02
1.500000000000000000e+01,5.600000000000000000e+01,9.824561403508771384e-01,-3.731694180819584983e-02,7.000000000000000666e-02
1.500000000000000000e+01,5.700000000000000000e+01,1.000000000000000000e+00,4.312942667306592787e-02,7.000000000000000666e-02
