trace_id,point_index,relative_position,mean,std
0.000000000000000000e+00,0.000000000000000000e+00,0.000000000000000000e+00,-4.159909084749053437e-02,4.000000000000000083e-02
0.000000000000000000e+00,1.000000000000000000e+00,1.587301587301587213e-02,7.378048685460272815e-02,4.000000000000000083e-02
0.000000000000000000e+00,2.000000000000000000e+00,3.174603174603174427e-02,1.529010428267534860e-01,4.000000000000000083e-02
0.000000000000000000e+00,3.000000000000000000e+00,4.761904761904761640e-02,1.756053859067729928e-01,4.000000000000000083e-02
0.000000000000000000e+00,4.000000000000000000e+00,6.349206349206348854e-02,1.577639752677417184e-01,4.000000000000000083e-02
0.000000000000000000e+00,5.000000000000000000e+00,7.936507936507936067e-02,2.319488759156399516e-01,4.000000000000000083e-02
0.000000000000000000e+00,6.000000000000000000e+00,9.523809523809523281e-02,3.240135813343741900e-01,4.000000000000000083e-02
0.000000000000000000e+00,7.000000000000000000e+00,1.111111111111111049e-01,3.836594726829417046e-01,4.000000000000000083e-02
0.000000000000000000e+00,8.000000000000000000e+00,1.269841269841269771e-01,4.225249960607649902e-01,4.000000000000000083e-02
0.000000000000000000e+00,9.000000000000000000e+00,1.428571428571428492e-01,4.758123148841764682e-01,4.000000000000000083e-02
0.000000000000000000e+00,1.000000000000000000e+01,1.587301587301587213e-01,4.929262929068924382e-01,4.000000000000000083e-02
0.000000000000000000e+00,1.100000000000000000e+01,1.746031746031745935e-01,5.690695858122352124e-01,4.000000000000000083e-02
0.000000000000000000e+00,1.200000000000000000e+01,1.904761904761904656e-01,6.471950851648650138e-01,4.000000000000000083e-02
0.000000000000000000e+00,1.300000000000000000e+01,2.063492063492063378e-01,6.948969559471162016e-01,4.000000000000000083e-02
0.000000000000000000e+00,1.400000000000000000e+01,2.222222222222222099e-01,7.330932113532050431e-01,4.000000000000000083e-02
0.000000000000000000e+00,1.500000000000000000e+01,2.380952380952380820e-01,8.212294290392170293e-01,4.000000000000000083e-02
0.000000000000000000e+00,1.600000000000000000e+01,2.539682539682539542e-01,8.818370908565078548e-01,4.000000000000000083e-02
0.000000000000000000e+00,1.700000000000000000e+01,2.698412698412698263e-01,9.022949100454401572e-01,4.000000000000000083e-02
0.000000000000000000e+00,1.800000000000000000e+01,2.857142857142856984e-01,8.896004031298045955e-01,4.000000000000000083e-02
0.000000000000000000e+00,1.900000000000000000e+01,3.015873015873015706e-01,9.177456498563808518e-01,4.000000000000000083e-02
0.000000000000000000e+00,2.000000000000000000e+01,3.174603174603174427e-01,8.598789718199050247e-01,4.000000000000000083e-02
0.000000000000000000e+00,2.100000000000000000e+01,3.333333333333333148e-01,7.965358136191201810e-01,4.000000000000000083e-02
0.000000000000000000e+00,2.200000000000000000e+01,3.492063492063491870e-01,7.574323999211847180e-01,4.000000000000000083e-02
0.000000000000000000e+00,2.300000000000000000e+01,3.650793650793650591e-01,6.323411353130520274e-01,4.000000000000000083e-02
0.000000000000000000e+00,2.400000000000000000e+01,3.809523809523809312e-01,5.292342326067053238e-01,4.000000000000000083e-02
0.000000000000000000e+00,2.500000000000000000e+01,3.968253968253968034e-01,4.287155291810199054e-01,4.000000000000000083e-02
0.000000000000000000e+00,2.600000000000000000e+01,4.126984126984126755e-01,3.517480305481837655e-01,4.000000000000000083e-02
0.000000000000000000e+00,2.700000000000000000e+01,4.285714285714285476e-01,3.356757833405383806e-01,4.000000000000000083e-02
0.000000000000000000e+00,2.800000000000000000e+01,4.444444444444444198e-01,2.253256147511090435e-01,4.000000000000000083e-02
0.000000000000000000e+00,2.900000000000000000e+01,4.603174603174602919e-01,1.425299117451181707e-01,4.000000000000000083e-02
0.000000000000000000e+00,3.000000000000000000e+01,4.761904761904761640e-01,7.621568261311122139e-02,4.000000000000000083e-02
0.000000000000000000e+00,3.100000000000000000e+01,4.920634920634920362e-01,2.090186455899469345e-02,4.000000000000000083e-02
0.000000000000000000e+00,3.200000000000000000e+01,5.079365079365079083e-01,-1.208698815264797229e-02,4.000000000000000083e-02
0.000000000000000000e+00,3.300000000000000000e+01,5.238095238095237249e-01,-7.226859193169228590e-02,4.000000000000000083e-02
0.000000000000000000e+00,3.400000000000000000e+01,5.396825396825396526e-01,-1.322803044267607253e-01,4.000000000000000083e-02
0.000000000000000000e+00,3.500000000000000000e+01,5.555555555555555802e-01,-1.884069518473900640e-01,4.000000000000000083e-02
0.000000000000000000e+00,3.600000000000000000e+01,5.714285714285713969e-01,-2.436372174479402297e-01,4.000000000000000083e-02
0.000000000000000000e+00,3.700000000000000000e+01,5.873015873015872135e-01,-2.441238151847751059e-01,4.000000000000000083e-02
0.000000000000000000e+00,3.800000000000000000e+01,6.031746031746031411e-01,-3.391886474376149541e-01,4.000000000000000083e-02
0.000000000000000000e+00,3.900000000000000000e+01,6.190476190476190688e-01,-4.416479780150928680e-01,4.000000000000000083e-02
0.000000000000000000e+00,4.000000000000000000e+01,6.349206349206348854e-01,-5.060162568228061541e-01,4.000000000000000083e-02
0.000000000000000000e+00,4.100000000000000000e+01,6.507936507936507020e-01,-5.853325888660451115e-01,4.000000000000000083e-02
0.000000000000000000e+00,4.200000000000000000e+01,6.666666666666666297e-01,-6.284406068081036523e-01,4.000000000000000083e-02
0.000000000000000000e+00,4.300000000000000000e+01,6.825396825396825573e-01,-6.800739194295446488e-01,4.000000000000000083e-02
0.000000000000000000e+00,4.400000000000000000e+01,6.984126984126983739e-01,-7.497554110921834658e-01,4.000000000000000083e-02
0.000000000000000000e+00,4.500000000000000000e+01,7.142857142857141906e-01,-8.372573246773574729e-01,4.000000000000000083e-02
0.000000000000000000e+00,4.600000000000000000e+01,7.301587301587301182e-01,-8.598310951794930768e-01,4.000000000000000083e-02
0.000000000000000000e+00,4.700000000000000000e+01,7.460317460317460458e-01,-8.351308924080735885e-01,4.000000000000000083e-02
0.000000000000000000e+00,4.800000000000000000e+01,7.619047619047618625e-01,-7.643094402741610338e-01,4.000000000000000083e-02
0.000000000000000000e+00,4.900000000000000000e+01,7.777777777777776791e-01,-6.639938481831465511e-01,4.000000000000000083e-02
0.000000000000000000e+00,5.000000000000000000e+01,7.936507936507936067e-01,-6.044066967740927554e-01,4.000000000000000083e-02
0.000000000000000000e+00,5.100000000000000000e+01,8.095238095238095344e-01,-5.625736652089310397e-01,4.000000000000000083e-02
0.000000000000000000e+00,5.200000000000000000e+01,8.253968253968253510e-01,-5.456770759517092229e-01,4.000000000000000083e-02
0.000000000000000000e+00,5.300000000000000000e+01,8.412698412698411676e-01,-5.266653716794947870e-01,4.000000000000000083e-02
0.000000000000000000e+00,5.400000000000000000e+01,8.571428571428570953e-01,-4.611582129936286356e-01,4.000000000000000083e-02
0.000000000000000000e+00,5.500000000000000000e+01,8.730158730158730229e-01,-4.236981574597447620e-01,4.000000000000000083e-02
0.000000000000000000e+00,5.600000000000000000e+01,8.888888888888888395e-01,-3.780848864601403236e-01,4.000000000000000083e-02
0.000000000000000000e+00,5.700000000000000000e+01,9.047619047619046562e-01,-3.199636641344262844e-01,4.000000000000000083e-02
0.000000000000000000e+00,5.800000000000000000e+01,9.206349206349205838e-01,-2.547599613054125633e-01,4.000000000000000083e-02
0.000000000000000000e+00,5.900000000000000000e+01,9.365079365079365115e-01,-2.210346965751729675e-01,4.000000000000000083e-02
0.000000000000000000e+00,6.000000000000000000e+01,9.523809523809523281e-01,-1.554297599951445508e-01,4.000000000000000083e-02
0.000000000000000000e+00,6.100000000000000000e+01,9.682539682539681447e-01,-1.023637489195036859e-01,4.000000000000000083e-02
0.000000000000000000e+00,6.200000000000000000e+01,9.841269841269840724e-01,-5.500360009831940789e-02,4.000000000000000083e-02
0.000000000000000000e+00,6.300000000000000000e+01,1.000000000000000000e+00,1.156477586050861685e-02,4.000000000000000083e-02
1.000000000000000000e+00,0.000000000000000000e+00,0.000000000000000000e+00,3.156468469405630806e-02,5.000000000000000278e-02
1.000000000000000000e+00,1.000000000000000000e+00,1.587301587301587213e-02,-5.024513872062201514e-03,5.000000000000000278e-02
1.000000000000000000e+00,2.000000000000000000e+00,3.174603174603174427e-02,1.006584892718434959e-01,5.000000000000000278e-02
1.000000000000000000e+00,3.000000000000000000e+00,4.761904761904761640e-02,1.495756813453798517e-01,5.000000000000000278e-02
1.000000000000000000e+00,4.000000000000000000e+00,6.349206349206348854e-02,2.113569286023098681e-01,5.000000000000000278e-02
1.000000000000000000e+00,5.000000000000000000e+00,7.936507936507936067e-02,3.363824941416371228e-01,5.000000000000000278e-02
1.000000000000000000e+00,6.000000000000000000e+00,9.523809523809523281e-02,3.119292765445792481e-01,5.000000000000000278e-02
1.000000000000000000e+00,7.000000000000000000e+00,1.111111111111111049e-01,4.354137047975416008e-01,5.000000000000000278e-02
1.000000000000000000e+00,8.000000000000000000e+00,1.269841269841269771e-01,3.581728132299833445e-01,5.000000000000000278e-02
1.000000000000000000e+00,9.000000000000000000e+00,1.428571428571428492e-01,4.668085904841999811e-01,5.000000000000000278e-02
1.000000000000000000e+00,1.000000000000000000e+01,1.587301587301587213e-01,5.368473948810080776e-01,5.000000000000000278e-02
1.000000000000000000e+00,1.100000000000000000e+01,1.746031746031745935e-01,5.971580671700839060e-01,5.000000000000000278e-02
1.000000000000000000e+00,1.200000000000000000e+01,1.904761904761904656e-01,6.511871070959847074e-01,5.000000000000000278e-02
1.000000000000000000e+00,1.300000000000000000e+01,2.063492063492063378e-01,6.575050383476291893e-01,5.000000000000000278e-02
1.000000000000000000e+00,1.400000000000000000e+01,2.222222222222222099e-01,7.037755242709448078e-01,5.000000000000000278e-02
1.000000000000000000e+00,1.500000000000000000e+01,2.380952380952380820e-01,8.258179558931427744e-01,5.000000000000000278e-02
1.000000000000000000e+00,1.600000000000000000e+01,2.539682539682539542e-01,8.250162053035103860e-01,5.000000000000000278e-02
1.000000000000000000e+00,1.700000000000000000e+01,2.698412698412698263e-01,8.360499682379936015e-01,5.000000000000000278e-02
1.000000000000000000e+00,1.800000000000000000e+01,2.857142857142856984e-01,8.705588393182480678e-01,5.000000000000000278e-02
1.000000000000000000e+00,1.900000000000000000e+01,3.015873015873015706e-01,9.206514675331641806e-01,5.000000000000000278e-02
1.000000000000000000e+00,2.000000000000000000e+01,3.174603174603174427e-01,8.888513286097191601e-01,5.000000000000000278e-02
1.000000000000000000e+00,2.100000000000000000e+01,3.333333333333333148e-01,8.483578201411285935e-01,5.000000000000000278e-02
1.000000000000000000e+00,2.200000000000000000e+01,3.492063492063491870e-01,7.093961705449451927e-01,5.000000000000000278e-02
1.000000000000000000e+00,2.300000000000000000e+01,3.650793650793650591e-01,6.451277646242569164e-01,5.000000000000000278e-02
1.000000000000000000e+00,2.400000000000000000e+01,3.809523809523809312e-01,5.456614445829959248e-01,5.000000000000000278e-02
1.000000000000000000e+00,2.500000000000000000e+01,3.968253968253968034e-01,4.503993081580032753e-01,5.000000000000000278e-02
1.000000000000000000e+00,2.600000000000000000e+01,4.126984126984126755e-01,3.444998775458341655e-01,5.000000000000000278e-02
1.000000000000000000e+00,2.700000000000000000e+01,4.285714285714285476e-01,2.667940054430478214e-01,5.000000000000000278e-02
1.000000000000000000e+00,2.800000000000000000e+01,4.444444444444444198e-01,1.995607157456243952e-01,5.000000000000000278e-02
1.000000000000000000e+00,2.900000000000000000e+01,4.603174603174602919e-01,1.066743511325349003e-01,5.000000000000000278e-02
1.000000000000000000e+00,3.000000000000000000e+01,4.761904761904761640e-01,1.029218226742718845e-01,5.000000000000000278e-02
1.000000000000000000e+00,3.100000000000000000e+01,4.920634920634920362e-01,1.792004660252402570e-02,5.000000000000000278e-02
1.000000000000000000e+00,3.200000000000000000e+01,5.079365079365079083e-01,-1.543302151468495947e-02,5.000000000000000278e-02
1.000000000000000000e+00,3.300000000000000000e+01,5.238095238095237249e-01,-6.639903614014838751e-02,5.000000000000000278e-02
1.000000000000000000e+00,3.400000000000000000e+01,5.396825396825396526e-01,-1.162697819688667117e-01,5.000000000000000278e-02
1.000000000000000000e+00,3.500000000000000000e+01,5.555555555555555802e-01,-2.102600769420562565e-01,5.000000000000000278e-02
1.000000000000000000e+00,3.600000000000000000e+01,5.714285714285713969e-01,-2.795049828586390062e-01,5.000000000000000278e-02
1.000000000000000000e+00,3.700000000000000000e+01,5.873015873015872135e-01,-3.416454606571853736e-01,5.000000000000000278e-02
1.000000000000000000e+00,3.800000000000000000e+01,6.031746031746031411e-01,-4.473087570339570052e-01,5.000000000000000278e-02
1.000000000000000000e+00,3.900000000000000000e+01,6.190476190476190688e-01,-4.921483744850915221e-01,5.000000000000000278e-02
1.000000000000000000e+00,4.000000000000000000e+01,6.349206349206348854e-01,-5.385742454798093659e-01,5.000000000000000278e-02
1.000000000000000000e+00,4.100000000000000000e+01,6.507936507936507020e-01,-5.437461793797008225e-01,5.000000000000000278e-02
1.000000000000000000e+00,4.200000000000000000e+01,6.666666666666666297e-01,-6.783363869049203743e-01,5.000000000000000278e-02
1.000000000000000000e+00,4.300000000000000000e+01,6.825396825396825573e-01,-7.224525849163764279e-01,5.000000000000000278e-02
1.000000000000000000e+00,4.400000000000000000e+01,6.984126984126983739e-01,-7.447243410541832809e-01,5.000000000000000278e-02
1.000000000000000000e+00,4.500000000000000000e+01,7.142857142857141906e-01,-8.233386396481988667e-01,5.000000000000000278e-02
1.000000000000000000e+00,4.600000000000000000e+01,7.301587301587301182e-01,-8.455750193654204550e-01,5.000000000000000278e-02
1.000000000000000000e+00,4.700000000000000000e+01,7.460317460317460458e-01,-8.255533823783836045e-01,5.000000000000000278e-02
1.000000000000000000e+00,4.800000000000000000e+01,7.619047619047618625e-01,-7.935323284295147106e-01,5.000000000000000278e-02
1.000000000000000000e+00,4.900000000000000000e+01,7.777777777777776791e-01,-7.067416474538141813e-01,5.000000000000000278e-02
1.000000000000000000e+00,5.000000000000000000e+01,7.936507936507936067e-01,-6.097571137605733993e-01,5.000000000000000278e-02
1.000000000000000000e+00,5.100000000000000000e+01,8.095238095238095344e-01,-6.415327486523720868e-01,5.000000000000000278e-02
1.000000000000000000e+00,5.200000000000000000e+01,8.253968253968253510e-01,-5.281029399389506329e-01,5.000000000000000278e-02
1.000000000000000000e+00,5.300000000000000000e+01,8.412698412698411676e-01,-5.200421986513940054e-01,5.000000000000000278e-02
1.000000000000000000e+00,5.400000000000000000e+01,8.571428571428570953e-01,-5.303676675041412159e-01,5.000000000000000278e-02
1.000000000000000000e+00,5.500000000000000000e+01,8.730158730158730229e-01,-4.369658799566960017e-01,5.000000000000000278e-02
1.000000000000000000e+00,5.600000000000000000e+01,8.888888888888888395e-01,-4.122377631796348418e-01,5.000000000000000278e-02
1.000000000000000000e+00,5.700000000000000000e+01,9.047619047619046562e-01,-3.277321446358829604e-01,5.000000000000000278e-02
1.000000000000000000e+00,5.800000000000000000e+01,9.206349206349205838e-01,-2.630757433619680952e-01,5.000000000000000278e-02
1.000000000000000000e+00,5.900000000000000000e+01,9.365079365079365115e-01,-1.922103949118694477e-01,5.000000000000000278e-02
1.000000000000000000e+00,6.000000000000000000e+01,9.523809523809523281e-01,-2.110579396067518154e-01,5.000000000000000278e-02
1.000000000000000000e+00,6.100000000000000000e+01,9.682539682539681447e-01,-1.270083320447419062e-01,5.000000000000000278e-02
1.000000000000000000e+00,6.200000000000000000e+01,9.841269841269840724e-01,-4.899811473418645008e-02,5.000000000000000278e-02
1.000000000000000000e+00,6.300000000000000000e+01,1.000000000000000000e+00,6.795937867493108409e-02,5.000000000000000278e-02
2.000000000000000000e+00,0.000000000000000000e+00,0.000000000000000000e+00,2.141253695109985103e-02,5.999999999999999778e-02
2.000000000000000000e+00,1.000000000000000000e+00,1.587301587301587213e-02,1.369618377066855464e-01,5.999999999999999778e-02
2.000000000000000000e+00,2.000000000000000000e+00,3.174603174603174427e-02,9.791502841615527808e-02,5.999999999999999778e-02
2.000000000000000000e+00,3.000000000000000000e+00,4.761904761904761640e-02,1.224950530652660768e-01,5.999999999999999778e-02
2.000000000000000000e+00,4.000000000000000000e+00,6.349206349206348854e-02,1.880735701102278223e-01,5.999999999999999778e-02
2.000000000000000000e+00,5.000000000000000000e+00,7.936507936507936067e-02,2.378621713322432440e-01,5.999999999999999778e-02
2.000000000000000000e+00,6.000000000000000000e+00,9.523809523809523281e-02,3.121915185444076868e-01,5.999999999999999778e-02
2.000000000000000000e+00,7.000000000000000000e+00,1.111111111111111049e-01,3.107796067349937186e-01,5.999999999999999778e-02
2.000000000000000000e+00,8.000000000000000000e+00,1.269841269841269771e-01,4.379964036627300161e-01,5.999999999999999778e-02
2.000000000000000000e+00,9.000000000000000000e+00,1.428571428571428492e-01,4.850532046173099410e-01,5.999999999999999778e-02
2.000000000000000000e+00,1.000000000000000000e+01,1.587301587301587213e-01,4.755118861809832231e-01,5.999999999999999778e-02
2.000000000000000000e+00,1.100000000000000000e+01,1.746031746031745935e-01,4.831942424291055249e-01,5.999999999999999778e-02
2.000000000000000000e+00,1.200000000000000000e+01,1.904761904761904656e-01,5.592842897620883269e-01,5.999999999999999778e-02
2.000000000000000000e+00,1.300000000000000000e+01,2.063492063492063378e-01,6.804985665124310135e-01,5.999999999999999778e-02
2.000000000000000000e+00,1.400000000000000000e+01,2.222222222222222099e-01,7.707315145910990095e-01,5.999999999999999778e-02
2.000000000000000000e+00,1.500000000000000000e+01,2.380952380952380820e-01,8.835821046033801585e-01,5.999999999999999778e-02
2.000000000000000000e+00,1.600000000000000000e+01,2.539682539682539542e-01,9.940168482968038122e-01,5.999999999999999778e-02
2.000000000000000000e+00,1.700000000000000000e+01,2.698412698412698263e-01,1.024946231371227645e+00,5.999999999999999778e-02
2.000000000000000000e+00,1.800000000000000000e+01,2.857142857142856984e-01,9.340431157719841782e-01,5.999999999999999778e-02
2.000000000000000000e+00,1.900000000000000000e+01,3.015873015873015706e-01,8.602217485123698770e-01,5.999999999999999778e-02
2.000000000000000000e+00,2.000000000000000000e+01,3.174603174603174427e-01,7.615519240625706621e-01,5.999999999999999778e-02
2.000000000000000000e+00,2.100000000000000000e+01,3.333333333333333148e-01,7.785135437028479766e-01,5.999999999999999778e-02
2.000000000000000000e+00,2.200000000000000000e+01,3.492063492063491870e-01,7.083589513982343489e-01,5.999999999999999778e-02
2.000000000000000000e+00,2.300000000000000000e+01,3.650793650793650591e-01,5.901541097879865472e-01,5.999999999999999778e-02
2.000000000000000000e+00,2.400000000000000000e+01,3.809523809523809312e-01,5.074184411643630765e-01,5.999999999999999778e-02
2.000000000000000000e+00,2.500000000000000000e+01,3.968253968253968034e-01,4.075305749063095617e-01,5.999999999999999778e-02
2.000000000000000000e+00,2.600000000000000000e+01,4.126984126984126755e-01,3.495907926374705599e-01,5.999999999999999778e-02
2.000000000000000000e+00,2.700000000000000000e+01,4.285714285714285476e-01,3.309775290560021954e-01,5.999999999999999778e-02
2.000000000000000000e+00,2.800000000000000000e+01,4.444444444444444198e-01,2.529902339404584977e-01,5.999999999999999778e-02
2.000000000000000000e+00,2.900000000000000000e+01,4.603174603174602919e-01,1.565969758291268221e-01,5.999999999999999778e-02
2.000000000000000000e+00,3.000000000000000000e+01,4.761904761904761640e-01,7.022988915735310644e-02,5.999999999999999778e-02
2.000000000000000000e+00,3.100000000000000000e+01,4.920634920634920362e-01,-3.414444503156315730e-02,5.999999999999999778e-02
2.000000000000000000e+00,3.200000000000000000e+01,5.079365079365079083e-01,-1.269058901497162328e-01,5.999999999999999778e-02
2.000000000000000000e+00,3.300000000000000000e+01,5.238095238095237249e-01,-1.353241902677632669e-01,5.999999999999999778e-02
2.000000000000000000e+00,3.400000000000000000e+01,5.396825396825396526e-01,-1.613244413704892632e-01,5.999999999999999778e-02
2.000000000000000000e+00,3.500000000000000000e+01,5.555555555555555802e-01,-1.596715539321552635e-01,5.999999999999999778e-02
2.000000000000000000e+00,3.600000000000000000e+01,5.714285714285713969e-01,-1.826336362979104067e-01,5.999999999999999778e-02
2.000000000000000000e+00,3.700000000000000000e+01,5.873015873015872135e-01,-3.004099798266436361e-01,5.999999999999999778e-02
2.000000000000000000e+00,3.800000000000000000e+01,6.031746031746031411e-01,-3.105965670026042957e-01,5.999999999999999778e-02
2.000000000000000000e+00,3.900000000000000000e+01,6.190476190476190688e-01,-4.363548451164825925e-01,5.999999999999999778e-02
2.000000000000000000e+00,4.000000000000000000e+01,6.349206349206348854e-01,-5.415503088084755445e-01,5.999999999999999778e-02
2.000000000000000000e+00,4.100000000000000000e+01,6.507936507936507020e-01,-6.196762566036327913e-01,5.999999999999999778e-02
2.000000000000000000e+00,4.200000000000000000e+01,6.666666666666666297e-01,-6.865287797360373201e-01,5.999999999999999778e-02
2.000000000000000000e+00,4.300000000000000000e+01,6.825396825396825573e-01,-7.282595789343063730e-01,5.999999999999999778e-02
2.000000000000000000e+00,4.400000000000000000e+01,6.984126984126983739e-01,-6.631310098977136747e-01,5.999999999999999778e-02
2.000000000000000000e+00,4.500000000000000000e+01,7.142857142857141906e-01,-8.534642682120673340e-01,5.999999999999999778e-02
2.000000000000000000e+00,4.600000000000000000e+01,7.301587301587301182e-01,-8.122325729947086348e-01,5.999999999999999778e-02
2.000000000000000000e+00,4.700000000000000000e+01,7.460317460317460458e-01,-8.087029984154948670e-01,5.999999999999999778e-02
2.000000000000000000e+00,4.800000000000000000e+01,7.619047619047618625e-01,-7.632018283029251560e-01,5.999999999999999778e-02
2.000000000000000000e+00,4.900000000000000000e+01,7.777777777777776791e-01,-6.420696181799938618e-01,5.999999999999999778e-02
2.000000000000000000e+00,5.000000000000000000e+01,7.936507936507936067e-01,-6.123396211982623516e-01,5.999999999999999778e-02
2.000000000000000000e+00,5.100000000000000000e+01,8.095238095238095344e-01,-5.923311366878902806e-01,5.999999999999999778e-02
2.000000000000000000e+00,5.200000000000000000e+01,8.253968253968253510e-01,-5.500752441723998354e-01,5.999999999999999778e-02
2.000000000000000000e+00,5.300000000000000000e+01,8.412698412698411676e-01,-5.322123086957126770e-01,5.999999999999999778e-02
2.000000000000000000e+00,5.400000000000000000e+01,8.571428571428570953e-01,-4.809188589237277656e-01,5.999999999999999778e-02
2.000000000000000000e+00,5.500000000000000000e+01,8.730158730158730229e-01,-4.172085759929247684e-01,5.999999999999999778e-02
2.000000000000000000e+00,5.600000000000000000e+01,8.888888888888888395e-01,-4.179512129475482229e-01,5.999999999999999778e-02
2.000000000000000000e+00,5.700000000000000000e+01,9.047619047619046562e-01,-4.092351303785241590e-01,5.999999999999999778e-02
2.000000000000000000e+00,5.800000000000000000e+01,9.206349206349205838e-01,-3.626419862113200998e-01,5.999999999999999778e-02
2.000000000000000000e+00,5.900000000000000000e+01,9.365079365079365115e-01,-2.540909012541922585e-01,5.999999999999999778e-02
2.000000000000000000e+00,6.000000000000000000e+01,9.523809523809523281e-01,-1.260041485653623783e-01,5.999999999999999778e-02
2.000000000000000000e+00,6.100000000000000000e+01,9.682539682539681447e-01,-5.100465995747135994e-02,5.999999999999999778e-02
2.000000000000000000e+00,6.200000000000000000e+01,9.841269841269840724e-01,-5.275391395825345525e-02,5.999999999999999778e-02
2.000000000000000000e+00,6.300000000000000000e+01,1.000000000000000000e+00,-7.118299653683702460e-03,5.999999999999999778e-02
3.000000000000000000e+00,0.000000000000000000e+00,0.000000000000000000e+00,2.000810317430729360e-02,7.000000000000000666e-02
3.000000000000000000e+00,1.000000000000000000e+00,1.587301587301587213e-02,1.443389469142870585e-01,7.000000000000000666e-02
3.000000000000000000e+00,2.000000000000000000e+00,3.174603174603174427e-02,1.486390856144240435e-01,7.000000000000000666e-02
3.000000000000000000e+00,3.000000000000000000e+00,4.761904761904761640e-02,1.605057234655417053e-01,7.000000000000000666e-02
3.000000000000000000e+00,4.000000000000000000e+00,6.349206349206348854e-02,2.697809251208663772e-01,7.000000000000000666e-02
3.000000000000000000e+00,5.000000000000000000e+00,7.936507936507936067e-02,3.393202569843949967e-01,7.000000000000000666e-02
3.000000000000000000e+00,6.000000000000000000e+00,9.523809523809523281e-02,4.012839978777688610e-01,7.000000000000000666e-02
3.000000000000000000e+00,7.000000000000000000e+00,1.111111111111111049e-01,4.625754251473407352e-01,7.000000000000000666e-02
3.000000000000000000e+00,8.000000000000000000e+00,1.269841269841269771e-01,4.219302317590031270e-01,7.000000000000000666e-02
3.000000000000000000e+00,9.000000000000000000e+00,1.428571428571428492e-01,3.893162170514744003e-01,7.000000000000000666e-02
3.000000000000000000e+00,1.000000000000000000e+01,1.587301587301587213e-01,4.338505339734841093e-01,7.000000000000000666e-02
3.000000000000000000e+00,1.100000000000000000e+01,1.746031746031745935e-01,6.695036183565608034e-01,7.000000000000000666e-02
3.000000000000000000e+00,1.200000000000000000e+01,1.904761904761904656e-01,7.325829535602774722e-01,7.000000000000000666e-02
3.000000000000000000e+00,1.300000000000000000e+01,2.063492063492063378e-01,6.863507067967158370e-01,7.000000000000000666e-02
3.000000000000000000e+00,1.400000000000000000e+01,2.222222222222222099e-01,7.053788276899315424e-01,7.000000000000000666e-02
3.000000000000000000e+00,1.500000000000000000e+01,2.380952380952380820e-01,8.372130244109642350e-01,7.000000000000000666e-02
3.000000000000000000e+00,1.600000000000000000e+01,2.539682539682539542e-01,8.658910864383678740e-01,7.000000000000000666e-02
3.000000000000000000e+00,1.700000000000000000e+01,2.698412698412698263e-01,8.237172001442313318e-01,7.000000000000000666e-02
3.000000000000000000e+00,1.800000000000000000e+01,2.857142857142856984e-01,8.881838955212283393e-01,7.000000000000000666e-02
3.000000000000000000e+00,1.900000000000000000e+01,3.015873015873015706e-01,9.467384866953745259e-01,7.000000000000000666e-02
3.000000000000000000e+00,2.000000000000000000e+01,3.174603174603174427e-01,8.541845570523863840e-01,7.000000000000000666e-02
3.000000000000000000e+00,2.100000000000000000e+01,3.333333333333333148e-01,8.134750217673351047e-01,7.000000000000000666e-02
3.000000000000000000e+00,2.200000000000000000e+01,3.492063492063491870e-01,7.158630021721821279e-01,7.000000000000000666e-02
3.000000000000000000e+00,2.300000000000000000e+01,3.650793650793650591e-01,6.472181842619566527e-01,7.000000000000000666e-02
3.000000000000000000e+00,2.400000000000000000e+01,3.809523809523809312e-01,6.116241214191854292e-01,7.000000000000000666e-02
3.000000000000000000e+00,2.500000000000000000e+01,3.968253968253968034e-01,4.858580457167244737e-01,7.000000000000000666e-02
3.000000000000000000e+00,2.600000000000000000e+01,4.126984126984126755e-01,3.888354197041016813e-01,7.000000000000000666e-02
3.000000000000000000e+00,2.700000000000000000e+01,4.285714285714285476e-01,2.519176462530660632e-01,7.000000000000000666e-02
3.000000000000000000e+00,2.800000000000000000e+01,4.444444444444444198e-01,1.223193079840133035e-01,7.000000000000000666e-02
3.000000000000000000e+00,2.900000000000000000e+01,4.603174603174602919e-01,1.379093609370262152e-01,7.000000000000000666e-02
3.000000000000000000e+00,3.000000000000000000e+01,4.761904761904761640e-01,2.944556599370831348e-02,7.000000000000000666e-02
3.000000000000000000e+00,3.100000000000000000e+01,4.920634920634920362e-01,-5.315832501843199137e-02,7.000000000000000666e-02
3.000000000000000000e+00,3.200000000000000000e+01,5.079365079365079083e-01,-9.208950946537770854e-02,7.000000000000000666e-02
3.000000000000000000e+00,3.300000000000000000e+01,5.238095238095237249e-01,-1.180504590555147837e-01,7.000000000000000666e-02
3.000000000000000000e+00,3.400000000000000000e+01,5.396825396825396526e-01,-1.046080141616740483e-01,7.000000000000000666e-02
3.000000000000000000e+00,3.500000000000000000e+01,5.555555555555555802e-01,-2.456246214815865636e-01,7.000000000000000666e-02
3.000000000000000000e+00,3.600000000000000000e+01,5.714285714285713969e-01,-2.991767179263949417e-01,7.000000000000000666e-02
3.000000000000000000e+00,3.700000000000000000e+01,5.873015873015872135e-01,-3.296413263048043052e-01,7.000000000000000666e-02
3.000000000000000000e+00,3.800000000000000000e+01,6.031746031746031411e-01,-3.979212558279927592e-01,7.000000000000000666e-02
3.000000000000000000e+00,3.900000000000000000e+01,6.190476190476190688e-01,-4.199517611216228019e-01,7.000000000000000666e-02
3.000000000000000000e+00,4.000000000000000000e+01,6.349206349206348854e-01,-4.203047186725497597e-01,7.000000000000000666e-02
3.000000000000000000e+00,4.100000000000000000e+01,6.507936507936507020e-01,-5.107432996608667342e-01,7.000000000000000666e-02
3.000000000000000000e+00,4.200000000000000000e+01,6.666666666666666297e-01,-5.394445666159252140e-01,7.000000000000000666e-02
3.000000000000000000e+00,4.300000000000000000e+01,6.825396825396825573e-01,-7.167667681264635604e-01,7.000000000000000666e-02
3.000000000000000000e+00,4.400000000000000000e+01,6.984126984126983739e-01,-8.275926635919658159e-01,7.000000000000000666e-02
3.000000000000000000e+00,4.500000000000000000e+01,7.142857142857141906e-01,-8.530127160037361822e-01,7.000000000000000666e-02
3.000000000000000000e+00,4.600000000000000000e+01,7.301587301587301182e-01,-8.282138828969841660e-01,7.000000000000000666e-02
3.000000000000000000e+00,4.700000000000000000e+01,7.460317460317460458e-01,-7.886661778156298652e-01,7.000000000000000666e-02
3.000000000000000000e+00,4.800000000000000000e+01,7.619047619047618625e-01,-7.764218020796010977e-01,7.000000000000000666e-02
3.000000000000000000e+00,4.900000000000000000e+01,7.777777777777776791e-01,-7.391868107670120924e-01,7.000000000000000666e-02
3.000000000000000000e+00,5.000000000000000000e+01,7.936507936507936067e-01,-6.254159671477351745e-01,7.000000000000000666e-02
3.000000000000000000e+00,5.100000000000000000e+01,8.095238095238095344e-01,-5.471113780277745420e-01,7.000000000000000666e-02
3.000000000000000000e+00,5.200000000000000000e+01,8.253968253968253510e-01,-3.713039507936012340e-01,7.000000000000000666e-02
3.000000000000000000e+00,5.300000000000000000e+01,8.412698412698411676e-01,-3.747156227524899852e-01,7.000000000000000666e-02
3.000000000000000000e+00,5.400000000000000000e+01,8.571428571428570953e-01,-5.026881076611210419e-01,7.000000000000000666e-02
3.000000000000000000e+00,5.500000000000000000e+01,8.730158730158730229e-01,-4.590491948877393757e-01,7.000000000000000666e-02
3.000000000000000000e+00,5.600000000000000000e+01,8.888888888888888395e-01,-4.602656450163693513e-01,7.000000000000000666e-02
3.000000000000000000e+00,5.700000000000000000e+01,9.047619047619046562e-01,-4.050441126937119329e-01,7.000000000000000666e-02
3.000000000000000000e+00,5.800000000000000000e+01,9.206349206349205838e-01,-2.976632507081746759e-01,7.000000000000000666e-02
3.000000000000000000e+00,5.900000000000000000e+01,9.365079365079365115e-01,-1.869024810152856708e-01,7.000000000000000666e-02
3.000000000000000000e+00,6.000000000000000000e+01,9.523809523809523281e-01,-1.309342058800431197e-01,7.000000000000000666e-02
3.000000000000000000e+00,6.100000000000000000e+01,9.682539682539681447e-01,-1.688256134527222618e-01,7.000000000000000666e-02
3.000000000000000000e+00,6.200000000000000000e+01,9.841269841269840724e-01,-1.154632843919354696e-01,7.000000000000000666e-02
3.000000000000000000e+00,6.300000000000000000e+01,1.000000000000000000e+00,-1.503102321687966036e-01,7.000000000000000666e-02
4.000000000000000000e+00,0.000000000000000000e+00,0.000000000000000000e+00,-4.249630307225323728e-02,4.000000000000000083e-02
4.000000000000000000e+00,1.000000000000000000e+00,1.587301587301587213e-02,3.685455666137889968e-02,4.000000000000000083e-02
4.000000000000000000e+00,2.000000000000000000e+00,3.174603174603174427e-02,8.594240747297529626e-02,4.000000000000000083e-02
4.000000000000000000e+00,3.000000000000000000e+00,4.761904761904761640e-02,1.654715312794636517e-01,4.000000000000000083e-02
4.000000000000000000e+00,4.000000000000000000e+00,6.349206349206348854e-02,1.836524881815091437e-01,4.000000000000000083e-02
4.000000000000000000e+00,5.000000000000000000e+00,7.936507936507936067e-02,2.234593800859363821e-01,4.000000000000000083e-02
4.000000000000000000e+00,6.000000000000000000e+00,9.523809523809523281e-02,3.547378983431693777e-01,4.000000000000000083e-02
4.000000000000000000e+00,7.000000000000000000e+00,1.111111111111111049e-01,4.110286227131704218e-01,4.000000000000000083e-02
4.000000000000000000e+00,8.000000000000000000e+00,1.269841269841269771e-01,3.837885844777458311e-01,4.000000000000000083e-02
4.000000000000000000e+00,9.000000000000000000e+00,1.428571428571428492e-01,4.660859523961353168e-01,4.000000000000000083e-02
4.000000000000000000e+00,1.000000000000000000e+01,1.587301587301587213e-01,6.019740642977878808e-01,4.000000000000000083e-02
4.000000000000000000e+00,1.100000000000000000e+01,1.746031746031745935e-01,6.597125637066282300e-01,4.000000000000000083e-02
4.000000000000000000e+00,1.200000000000000000e+01,1.904761904761904656e-01,5.670748127556711760e-01,4.000000000000000083e-02
4.000000000000000000e+00,1.300000000000000000e+01,2.063492063492063378e-01,6.508458203417457621e-01,4.000000000000000083e-02
4.000000000000000000e+00,1.400000000000000000e+01,2.222222222222222099e-01,7.376749779040960853e-01,4.000000000000000083e-02
4.000000000000000000e+00,1.500000000000000000e+01,2.380952380952380820e-01,8.491057399430604891e-01,4.000000000000000083e-02
4.000000000000000000e+00,1.600000000000000000e+01,2.539682539682539542e-01,8.397294247789230948e-01,4.000000000000000083e-02
4.000000000000000000e+00,1.700000000000000000e+01,2.698412698412698263e-01,8.758683313760093903e-01,4.000000000000000083e-02
4.000000000000000000e+00,1.800000000000000000e+01,2.857142857142856984e-01,9.331450524621697218e-01,4.000000000000000083e-02
4.000000000000000000e+00,1.900000000000000000e+01,3.015873015873015706e-01,9.381013793864423356e-01,4.000000000000000083e-02
4.000000000000000000e+00,2.000000000000000000e+01,3.174603174603174427e-01,8.805300593341230941e-01,4.000000000000000083e-02
4.000000000000000000e+00,2.100000000000000000e+01,3.333333333333333148e-01,7.995304817320929569e-01,4.000000000000000083e-02
4.000000000000000000e+00,2.200000000000000000e+01,3.492063492063491870e-01,7.081045817122058050e-01,4.000000000000000083e-02
4.000000000000000000e+00,2.300000000000000000e+01,3.650793650793650591e-01,5.835451936308589937e-01,4.000000000000000083e-02
4.000000000000000000e+00,2.400000000000000000e+01,3.809523809523809312e-01,5.245493967574824667e-01,4.000000000000000083e-02
4.000000000000000000e+00,2.500000000000000000e+01,3.968253968253968034e-01,4.329116113668437515e-01,4.000000000000000083e-02
4.000000000000000000e+00,2.600000000000000000e+01,4.126984126984126755e-01,3.692853790310703377e-01,4.000000000000000083e-02
4.000000000000000000e+00,2.700000000000000000e+01,4.285714285714285476e-01,2.695424338917805085e-01,4.000000000000000083e-02
4.000000000000000000e+00,2.800000000000000000e+01,4.444444444444444198e-01,2.288142225119870199e-01,4.000000000000000083e-02
4.000000000000000000e+00,2.900000000000000000e+01,4.603174603174602919e-01,1.886236864931670476e-01,4.000000000000000083e-02
4.000000000000000000e+00,3.000000000000000000e+01,4.761904761904761640e-01,1.115926229356648536e-01,4.000000000000000083e-02
4.000000000000000000e+00,3.100000000000000000e+01,4.920634920634920362e-01,4.155338855291638295e-02,4.000000000000000083e-02
4.000000000000000000e+00,3.200000000000000000e+01,5.079365079365079083e-01,-2.082498528271257282e-02,4.000000000000000083e-02
4.000000000000000000e+00,3.300000000000000000e+01,5.238095238095237249e-01,-8.782479838351975321e-02,4.000000000000000083e-02
4.000000000000000000e+00,3.400000000000000000e+01,5.396825396825396526e-01,-1.565539033825082971e-01,4.000000000000000083e-02
4.000000000000000000e+00,3.500000000000000000e+01,5.555555555555555802e-01,-2.247861367422111512e-01,4.000000000000000083e-02
4.000000000000000000e+00,3.600000000000000000e+01,5.714285714285713969e-01,-2.504609186979404600e-01,4.000000000000000083e-02
4.000000000000000000e+00,3.700000000000000000e+01,5.873015873015872135e-01,-3.130602681415600164e-01,4.000000000000000083e-02
4.000000000000000000e+00,3.800000000000000000e+01,6.031746031746031411e-01,-2.855944990854642485e-01,4.000000000000000083e-02
4.000000000000000000e+00,3.900000000000000000e+01,6.190476190476190688e-01,-3.581475466034802491e-01,4.000000000000000083e-02
4.000000000000000000e+00,4.000000000000000000e+01,6.349206349206348854e-01,-4.603625158308066179e-01,4.000000000000000083e-02
4.000000000000000000e+00,4.100000000000000000e+01,6.507936507936507020e-01,-5.732928308755287361e-01,4.000000000000000083e-02
4.000000000000000000e+00,4.200000000000000000e+01,6.666666666666666297e-01,-6.735653855315466565e-01,4.000000000000000083e-02
4.000000000000000000e+00,4.300000000000000000e+01,6.825396825396825573e-01,-7.052022227981250557e-01,4.000000000000000083e-02
4.000000000000000000e+00,4.400000000000000000e+01,6.984126984126983739e-01,-7.554620592636827059e-01,4.000000000000000083e-02
4.000000000000000000e+00,4.500000000000000000e+01,7.142857142857141906e-01,-8.127166997771341217e-01,4.000000000000000083e-02
4.000000000000000000e+00,4.600000000000000000e+01,7.301587301587301182e-01,-8.452371712575548202e-01,4.000000000000000083e-02
4.000000000000000000e+00,4.700000000000000000e+01,7.460317460317460458e-01,-8.454140169613016953e-01,4.000000000000000083e-02
4.000000000000000000e+00,4.800000000000000000e+01,7.619047619047618625e-01,-7.180330287303282599e-01,4.000000000000000083e-02
4.000000000000000000e+00,4.900000000000000000e+01,7.777777777777776791e-01,-6.790136414051938241e-01,4.000000000000000083e-02
4.000000000000000000e+00,5.000000000000000000e+01,7.936507936507936067e-01,-6.767562276511003283e-01,4.000000000000000083e-02
4.000000000000000000e+00,5.100000000000000000e+01,8.095238095238095344e-01,-6.058149389282094788e-01,4.000000000000000083e-02
4.000000000000000000e+00,5.200000000000000000e+01,8.253968253968253510e-01,-5.388079128446846555e-01,4.000000000000000083e-02
4.000000000000000000e+00,5.300000000000000000e+01,8.412698412698411676e-01,-5.043705674771099545e-01,4.000000000000000083e-02
4.000000000000000000e+00,5.400000000000000000e+01,8.571428571428570953e-01,-4.778766979578485952e-01,4.000000000000000083e-02
4.000000000000000000e+00,5.500000000000000000e+01,8.730158730158730229e-01,-4.362984211864125994e-01,4.000000000000000083e-02
4.000000000000000000e+00,5.600000000000000000e+01,8.888888888888888395e-01,-3.926710518846489029e-01,4.000000000000000083e-02
4.000000000000000000e+00,5.700000000000000000e+01,9.047619047619046562e-01,-3.398985339435789954e-01,4.000000000000000083e-02
4.000000000000000000e+00,5.800000000000000000e+01,9.206349206349205838e-01,-2.595219672076062856e-01,4.000000000000000083e-02
4.000000000000000000e+00,5.900000000000000000e+01,9.365079365079365115e-01,-2.251931096023396806e-01,4.000000000000000083e-02
4.000000000000000000e+00,6.000000000000000000e+01,9.523809523809523281e-01,-2.571542666863848026e-01,4.000000000000000083e-02
4.000000000000000000e+00,6.100000000000000000e+01,9.682539682539681447e-01,-1.256554352651233775e-01,4.000000000000000083e-02
4.000000000000000000e+00,6.200000000000000000e+01,9.841269841269840724e-01,-5.228308403232397733e-02,4.000000000000000083e-02
4.000000000000000000e+00,6.300000000000000000e+01,1.000000000000000000e+00,1.183975950039323037e-02,4.000000000000000083e-02
5.000000000000000000e+00,0.000000000000000000e+00,0.000000000000000000e+00,-1.859545566393520227e-02,5.000000000000000278e-02
5.000000000000000000e+00,1.000000000000000000e+00,1.587301587301587213e-02,-2.644557054860446205e-02,5.000000000000000278e-02
5.000000000000000000e+00,2.000000000000000000e+00,3.174603174603174427e-02,1.374931446865116924e-01,5.000000000000000278e-02
5.000000000000000000e+00,3.000000000000000000e+00,4.761904761904761640e-02,2.554309339055524930e-01,5.000000000000000278e-02
5.000000000000000000e+00,4.000000000000000000e+00,6.349206349206348854e-02,1.639671457544555899e-01,5.000000000000000278e-02
5.000000000000000000e+00,5.000000000000000000e+00,7.936507936507936067e-02,3.254892963713807985e-01,5.000000000000000278e-02
5.000000000000000000e+00,6.000000000000000000e+00,9.523809523809523281e-02,3.232175909748085663e-01,5.000000000000000278e-02
5.000000000000000000e+00,7.000000000000000000e+00,1.111111111111111049e-01,3.782977459541178589e-01,5.000000000000000278e-02
5.000000000000000000e+00,8.000000000000000000e+00,1.269841269841269771e-01,3.845939812716394623e-01,5.000000000000000278e-02
5.000000000000000000e+00,9.000000000000000000e+00,1.428571428571428492e-01,4.714183493192026231e-01,5.000000000000000278e-02
5.000000000000000000e+00,1.000000000000000000e+01,1.587301587301587213e-01,5.789305678208883643e-01,5.000000000000000278e-02
5.000000000000000000e+00,1.100000000000000000e+01,1.746031746031745935e-01,6.033972283418288507e-01,5.000000000000000278e-02
5.000000000000000000e+00,1.200000000000000000e+01,1.904761904761904656e-01,6.940370392788133280e-01,5.000000000000000278e-02
5.000000000000000000e+00,1.300000000000000000e+01,2.063492063492063378e-01,7.182152031574867701e-01,5.000000000000000278e-02
5.000000000000000000e+00,1.400000000000000000e+01,2.222222222222222099e-01,7.635676705625563665e-01,5.000000000000000278e-02
5.000000000000000000e+00,1.500000000000000000e+01,2.380952380952380820e-01,8.619053547215551614e-01,5.000000000000000278e-02
5.000000000000000000e+00,1.600000000000000000e+01,2.539682539682539542e-01,8.767353125650053647e-01,5.000000000000000278e-02
5.000000000000000000e+00,1.700000000000000000e+01,2.698412698412698263e-01,9.228742882941620707e-01,5.000000000000000278e-02
5.000000000000000000e+00,1.800000000000000000e+01,2.857142857142856984e-01,9.112272894744166685e-01,5.000000000000000278e-02
5.000000000000000000e+00,1.900000000000000000e+01,3.015873015873015706e-01,9.070703395048296258e-01,5.000000000000000278e-02
5.000000000000000000e+00,2.000000000000000000e+01,3.174603174603174427e-01,8.695625961907388346e-01,5.000000000000000278e-02
5.000000000000000000e+00,2.100000000000000000e+01,3.333333333333333148e-01,8.251243917148985973e-01,5.000000000000000278e-02
5.000000000000000000e+00,2.200000000000000000e+01,3.492063492063491870e-01,7.013069078701466008e-01,5.000000000000000278e-02
5.000000000000000000e+00,2.300000000000000000e+01,3.650793650793650591e-01,6.518877733767526328e-01,5.000000000000000278e-02
5.000000000000000000e+00,2.400000000000000000e+01,3.809523809523809312e-01,5.509710142245018982e-01,5.000000000000000278e-02
5.000000000000000000e+00,2.500000000000000000e+01,3.968253968253968034e-01,4.943973060737067438e-01,5.000000000000000278e-02
5.000000000000000000e+00,2.600000000000000000e+01,4.126984126984126755e-01,4.215267998116528081e-01,5.000000000000000278e-02
5.000000000000000000e+00,2.700000000000000000e+01,4.285714285714285476e-01,3.551605751198151917e-01,5.000000000000000278e-02
5.000000000000000000e+00,2.800000000000000000e+01,4.444444444444444198e-01,2.044592788067634836e-01,5.000000000000000278e-02
5.000000000000000000e+00,2.900000000000000000e+01,4.603174603174602919e-01,1.106434154258829766e-01,5.000000000000000278e-02
5.000000000000000000e+00,3.000000000000000000e+01,4.761904761904761640e-01,6.262507408714013124e-02,5.000000000000000278e-02
5.000000000000000000e+00,3.100000000000000000e+01,4.920634920634920362e-01,-1.143526396810486644e-02,5.000000000000000278e-02
5.000000000000000000e+00,3.200000000000000000e+01,5.079365079365079083e-01,-3.787277667460543784e-03,5.000000000000000278e-02
5.000000000000000000e+00,3.300000000000000000e+01,5.238095238095237249e-01,-3.648801191576302172e-02,5.000000000000000278e-02
5.000000000000000000e+00,3.400000000000000000e+01,5.396825396825396526e-01,-1.520524533257565092e-01,5.000000000000000278e-02
5.000000000000000000e+00,3.500000000000000000e+01,5.555555555555555802e-01,-2.488137172466428348e-01,5.000000000000000278e-02
5.000000000000000000e+00,3.600000000000000000e+01,5.714285714285713969e-01,-2.814495430104400620e-01,5.000000000000000278e-02
5.000000000000000000e+00,3.700000000000000000e+01,5.873015873015872135e-01,-3.496845826234192822e-01,5.000000000000000278e-02
5.000000000000000000e+00,3.800000000000000000e+01,6.031746031746031411e-01,-4.124675107405212926e-01,5.000000000000000278e-02
5.000000000000000000e+00,3.900000000000000000e+01,6.190476190476190688e-01,-4.265659579867846496e-01,5.000000000000000278e-02
5.000000000000000000e+00,4.000000000000000000e+01,6.349206349206348854e-01,-4.420184451884556220e-01,5.000000000000000278e-02
5.000000000000000000e+00,4.100000000000000000e+01,6.507936507936507020e-01,-5.144357683285692984e-01,5.000000000000000278e-02
5.000000000000000000e+00,4.200000000000000000e+01,6.666666666666666297e-01,-6.998308554804172354e-01,5.000000000000000278e-02
5.000000000000000000e+00,4.300000000000000000e+01,6.825396825396825573e-01,-7.412735520315936188e-01,5.000000000000000278e-02
5.000000000000000000e+00,4.400000000000000000e+01,6.984126984126983739e-01,-7.786256245310412272e-01,5.000000000000000278e-02
5.000000000000000000e+00,4.500000000000000000e+01,7.142857142857141906e-01,-8.130627055877648335e-01,5.000000000000000278e-02
5.000000000000000000e+00,4.600000000000000000e+01,7.301587301587301182e-01,-7.699787418545708251e-01,5.000000000000000278e-02
5.000000000000000000e+00,4.700000000000000000e+01,7.460317460317460458e-01,-8.609077675522269768e-01,5.000000000000000278e-02
5.000000000000000000e+00,4.800000000000000000e+01,7.619047619047618625e-01,-7.980723739616680801e-01,5.000000000000000278e-02
5.000000000000000000e+00,4.900000000000000000e+01,7.777777777777776791e-01,-6.737227566251721145e-01,5.000000000000000278e-02
5.000000000000000000e+00,5.000000000000000000e+01,7.936507936507936067e-01,-6.904034844192793452e-01,5.000000000000000278e-02
5.000000000000000000e+00,5.100000000000000000e+01,8.095238095238095344e-01,-5.414421769485969760e-01,5.000000000000000278e-02
5.000000000000000000e+00,5.200000000000000000e+01,8.253968253968253510e-01,-5.175352315971710748e-01,5.000000000000000278e-02
5.000000000000000000e+00,5.300000000000000000e+01,8.412698412698411676e-01,-4.696837679696689860e-01,5.000000000000000278e-02
5.000000000000000000e+00,5.400000000000000000e+01,8.571428571428570953e-01,-4.887182678815469861e-01,5.000000000000000278e-02
5.000000000000000000e+00,5.500000000000000000e+01,8.730158730158730229e-01,-3.978087108533628902e-01,5.000000000000000278e-02
5.000000000000000000e+00,5.600000000000000000e+01,8.888888888888888395e-01,-3.335784507938511778e-01,5.000000000000000278e-02
5.000000000000000000e+00,5.700000000000000000e+01,9.047619047619046562e-01,-3.222454987414652416e-01,5.000000000000000278e-02
5.000000000000000000e+00,5.800000000000000000e+01,9.206349206349205838e-01,-2.751363890023699743e-01,5.000000000000000278e-02
5.000000000000000000e+00,5.900000000000000000e+01,9.365079365079365115e-01,-2.195872068043825676e-01,5.000000000000000278e-02
5.000000000000000000e+00,6.000000000000000000e+01,9.523809523809523281e-01,-2.172788651934984827e-01,5.000000000000000278e-02
5.000000000000000000e+00,6.100000000000000000e+01,9.682539682539681447e-01,-1.273800803454224195e-01,5.000000000000000278e-02
5.000000000000000000e+00,6.200000000000000000e+01,9.841269841269840724e-01,-6.735695498419347338e-02,5.000000000000000278e-02
5.000000000000000000e+00,6.300000000000000000e+01,1.000000000000000000e+00,1.916969313058400695e-02,5.000000000000000278e-02
6.000000000000000000e+00,0.000000000000000000e+00,0.000000000000000000e+00,-6.351189151657525567e-02,5.999999999999999778e-02
6.000000000000000000e+00,1.000000000000000000e+00,1.587301587301587213e-02,3.972985031035828479e-02,5.999999999999999778e-02
6.000000000000000000e+00,2.000000000000000000e+00,3.174603174603174427e-02,1.647065275393887751e-01,5.999999999999999778e-02
6.000000000000000000e+00,3.000000000000000000e+00,4.761904761904761640e-02,2.209239199818327781e-01,5.999999999999999778e-02
6.000000000000000000e+00,4.000000000000000000e+00,6.349206349206348854e-02,1.877818741317717754e-01,5.999999999999999778e-02
6.000000000000000000e+00,5.000000000000000000e+00,7.936507936507936067e-02,2.381092701060830152e-01,5.999999999999999778e-02
6.000000000000000000e+00,6.000000000000000000e+00,9.523809523809523281e-02,3.296141446688521381e-01,5.999999999999999778e-02
6.000000000000000000e+00,7.000000000000000000e+00,1.111111111111111049e-01,4.157011435059806970e-01,5.999999999999999778e-02
6.000000000000000000e+00,8.000000000000000000e+00,1.269841269841269771e-01,4.720699877416161261e-01,5.999999999999999778e-02
6.000000000000000000e+00,9.000000000000000000e+00,1.428571428571428492e-01,4.771699245179875648e-01,5.999999999999999778e-02
6.000000000000000000e+00,1.000000000000000000e+01,1.587301587301587213e-01,5.817852892370880546e-01,5.999999999999999778e-02
6.000000000000000000e+00,1.100000000000000000e+01,1.746031746031745935e-01,6.286913824693510788e-01,5.999999999999999778e-02
6.000000000000000000e+00,1.200000000000000000e+01,1.904761904761904656e-01,6.644820740032659767e-01,5.999999999999999778e-02
6.000000000000000000e+00,1.300000000000000000e+01,2.063492063492063378e-01,7.155398420523343406e-01,5.999999999999999778e-02
6.000000000000000000e+00,1.400000000000000000e+01,2.222222222222222099e-01,7.624536140212295754e-01,5.999999999999999778e-02
6.000000000000000000e+00,1.500000000000000000e+01,2.380952380952380820e-01,8.944777082595785078e-01,5.999999999999999778e-02
6.000000000000000000e+00,1.600000000000000000e+01,2.539682539682539542e-01,9.205934673700679749e-01,5.999999999999999778e-02
6.000000000000000000e+00,1.700000000000000000e+01,2.698412698412698263e-01,8.591004874708141337e-01,5.999999999999999778e-02
6.000000000000000000e+00,1.800000000000000000e+01,2.857142857142856984e-01,8.037607641211432785e-01,5.999999999999999778e-02
6.000000000000000000e+00,1.900000000000000000e+01,3.015873015873015706e-01,9.620631314426895120e-01,5.999999999999999778e-02
6.000000000000000000e+00,2.000000000000000000e+01,3.174603174603174427e-01,9.021553731743121585e-01,5.999999999999999778e-02
6.000000000000000000e+00,2.100000000000000000e+01,3.333333333333333148e-01,7.942429772723841319e-01,5.999999999999999778e-02
6.000000000000000000e+00,2.200000000000000000e+01,3.492063492063491870e-01,7.409044659653414300e-01,5.999999999999999778e-02
6.000000000000000000e+00,2.300000000000000000e+01,3.650793650793650591e-01,7.007739614082681978e-01,5.999999999999999778e-02
6.000000000000000000e+00,2.400000000000000000e+01,3.809523809523809312e-01,4.969302065025825166e-01,5.999999999999999778e-02
6.000000000000000000e+00,2.500000000000000000e+01,3.968253968253968034e-01,3.581430854155234211e-01,5.999999999999999778e-02
6.000000000000000000e+00,2.600000000000000000e+01,4.126984126984126755e-01,2.823048953215547829e-01,5.999999999999999778e-02
6.000000000000000000e+00,2.700000000000000000e+01,4.285714285714285476e-01,1.906974535664459625e-01,5.999999999999999778e-02
6.000000000000000000e+00,2.800000000000000000e+01,4.444444444444444198e-01,1.608560984867093702e-01,5.999999999999999778e-02
6.000000000000000000e+00,2.900000000000000000e+01,4.603174603174602919e-01,1.482730843854100367e-01,5.999999999999999778e-02
6.000000000000000000e+00,3.000000000000000000e+01,4.761904761904761640e-01,1.204020929742389695e-01,5.999999999999999778e-02
6.000000000000000000e+00,3.100000000000000000e+01,4.920634920634920362e-01,6.085486278609950062e-02,5.999999999999999778e-02
6.000000000000000000e+00,3.200000000000000000e+01,5.079365079365079083e-01,-1.121929045387790383e-02,5.999999999999999778e-02
6.000000000000000000e+00,3.300000000000000000e+01,5.238095238095237249e-01,-1.400963745579024422e-01,5.999999999999999778e-02
6.000000000000000000e+00,3.400000000000000000e+01,5.396825396825396526e-01,-2.564337067253961711e-01,5.999999999999999778e-02
6.000000000000000000e+00,3.500000000000000000e+01,5.555555555555555802e-01,-3.121571545836531181e-01,5.999999999999999778e-02
6.000000000000000000e+00,3.600000000000000000e+01,5.714285714285713969e-01,-2.576088424448326197e-01,5.999999999999999778e-02
6.000000000000000000e+00,3.700000000000000000e+01,5.873015873015872135e-01,-3.358738721142874861e-01,5.999999999999999778e-02
6.000000000000000000e+00,3.800000000000000000e+01,6.031746031746031411e-01,-3.654987729287889620e-01,5.999999999999999778e-02
6.000000000000000000e+00,3.900000000000000000e+01,6.190476190476190688e-01,-3.915658377974593485e-01,5.999999999999999778e-02
6.000000000000000000e+00,4.000000000000000000e+01,6.349206349206348854e-01,-4.458272780514131450e-01,5.999999999999999778e-02
6.000000000000000000e+00,4.100000000000000000e+01,6.507936507936507020e-01,-5.420692458478644227e-01,5.999999999999999778e-02
6.000000000000000000e+00,4.200000000000000000e+01,6.666666666666666297e-01,-6.008462696439373918e-01,5.999999999999999778e-02
6.000000000000000000e+00,4.300000000000000000e+01,6.825396825396825573e-01,-6.823828967573302151e-01,5.999999999999999778e-02
6.000000000000000000e+00,4.400000000000000000e+01,6.984126984126983739e-01,-7.661020670420674028e-01,5.999999999999999778e-02
6.000000000000000000e+00,4.500000000000000000e+01,7.142857142857141906e-01,-8.008955440350744581e-01,5.999999999999999778e-02
6.000000000000000000e+00,4.600000000000000000e+01,7.301587301587301182e-01,-8.584972502429683017e-01,5.999999999999999778e-02
6.000000000000000000e+00,4.700000000000000000e+01,7.460317460317460458e-01,-8.266513066065130921e-01,5.999999999999999778e-02
6.000000000000000000e+00,4.800000000000000000e+01,7.619047619047618625e-01,-7.542467796468431684e-01,5.999999999999999778e-02
6.000000000000000000e+00,4.900000000000000000e+01,7.777777777777776791e-01,-6.744644730755531281e-01,5.999999999999999778e-02
6.000000000000000000e+00,5.000000000000000000e+01,7.936507936507936067e-01,-5.886516759183494374e-01,5.999999999999999778e-02
6.000000000000000000e+00,5.100000000000000000e+01,8.095238095238095344e-01,-5.863069120270837375e-01,5.999999999999999778e-02
6.000000000000000000e+00,5.200000000000000000e+01,8.253968253968253510e-01,-5.451427993724327070e-01,5.999999999999999778e-02
6.000000000000000000e+00,5.300000000000000000e+01,8.412698412698411676e-01,-4.872476600602570485e-01,5.999999999999999778e-02
6.000000000000000000e+00,5.400000000000000000e+01,8.571428571428570953e-01,-4.863949934312201684e-01,5.999999999999999778e-02
6.000000000000000000e+00,5.500000000000000000e+01,8.730158730158730229e-01,-4.384218572055671448e-01,5.999999999999999778e-02
6.000000000000000000e+00,5.600000000000000000e+01,8.888888888888888395e-01,-3.605028705001234179e-01,5.999999999999999778e-02
6.000000000000000000e+00,5.700000000000000000e+01,9.047619047619046562e-01,-3.440948561599627142e-01,5.999999999999999778e-02
6.000000000000000000e+00,5.800000000000000000e+01,9.206349206349205838e-01,-4.016775556037334161e-01,5.999999999999999778e-02
6.000000000000000000e+00,5.900000000000000000e+01,9.365079365079365115e-01,-3.152900372935016349e-01,5.999999999999999778e-02
6.000000000000000000e+00,6.000000000000000000e+01,9.523809523809523281e-01,-2.617322581199322262e-01,5.999999999999999778e-02
6.000000000000000000e+00,6.100000000000000000e+01,9.682539682539681447e-01,-2.302880657782859219e-01,5.999999999999999778e-02
6.000000000000000000e+00,6.200000000000000000e+01,9.841269841269840724e-01,-1.776216217102082051e-01,5.999999999999999778e-02
6.000000000000000000e+00,6.300000000000000000e+01,1.000000000000000000e+00,-4.069586649640135473e-02,5.999999999999999778e-02
7.000000000000000000e+00,0.000000000000000000e+00,0.000000000000000000e+00,5.246064638307112310e-02,7.000000000000000666e-02
7.000000000000000000e+00,1.000000000000000000e+00,1.587301587301587213e-02,4.726885441119214881e-02,7.000000000000000666e-02
7.000000000000000000e+00,2.000000000000000000e+00,3.174603174603174427e-02,1.603723698646200568e-01,7.000000000000000666e-02
7.000000000000000000e+00,3.000000000000000000e+00,4.761904761904761640e-02,2.641182491626102302e-01,7.000000000000000666e-02
7.000000000000000000e+00,4.000000000000000000e+00,6.349206349206348854e-02,2.390706280705477971e-01,7.000000000000000666e-02
7.000000000000000000e+00,5.000000000000000000e+00,7.936507936507936067e-02,3.719760873249471356e-01,7.000000000000000666e-02
7.000000000000000000e+00,6.000000000000000000e+00,9.523809523809523281e-02,3.230372091994604955e-01,7.000000000000000666e-02
7.000000000000000000e+00,7.000000000000000000e+00,1.111111111111111049e-01,3.376022198239989613e-01,7.000000000000000666e-02
7.000000000000000000e+00,8.000000000000000000e+00,1.269841269841269771e-01,3.427927103236840245e-01,7.000000000000000666e-02
7.000000000000000000e+00,9.000000000000000000e+00,1.428571428571428492e-01,4.143149914229922182e-01,7.000000000000000666e-02
7.000000000000000000e+00,1.000000000000000000e+01,1.587301587301587213e-01,5.126061988196006780e-01,7.000000000000000666e-02
7.000000000000000000e+00,1.100000000000000000e+01,1.746031746031745935e-01,6.490336190077451439e-01,7.000000000000000666e-02
7.000000000000000000e+00,1.200000000000000000e+01,1.904761904761904656e-01,5.883249990986929578e-01,7.000000000000000666e-02
7.000000000000000000e+00,1.300000000000000000e+01,2.063492063492063378e-01,6.803859656728549199e-01,7.000000000000000666e-02
7.000000000000000000e+00,1.400000000000000000e+01,2.222222222222222099e-01,6.659231758810687518e-01,7.000000000000000666e-02
7.000000000000000000e+00,1.500000000000000000e+01,2.380952380952380820e-01,8.094531047401333224e-01,7.000000000000000666e-02
7.000000000000000000e+00,1.600000000000000000e+01,2.539682539682539542e-01,7.748644341309217642e-01,7.000000000000000666e-02
7.000000000000000000e+00,1.700000000000000000e+01,2.698412698412698263e-01,9.197907166009620106e-01,7.000000000000000666e-02
7.000000000000000000e+00,1.800000000000000000e+01,2.857142857142856984e-01,8.816220517485232611e-01,7.000000000000000666e-02
7.000000000000000000e+00,1.900000000000000000e+01,3.015873015873015706e-01,8.710079755675644853e-01,7.000000000000000666e-02
7.000000000000000000e+00,2.000000000000000000e+01,3.174603174603174427e-01,8.162741501812870171e-01,7.000000000000000666e-02
7.000000000000000000e+00,2.100000000000000000e+01,3.333333333333333148e-01,8.169583777746388664e-01,7.000000000000000666e-02
7.000000000000000000e+00,2.200000000000000000e+01,3.492063492063491870e-01,7.180807542945560895e-01,7.000000000000000666e-02
7.000000000000000000e+00,2.300000000000000000e+01,3.650793650793650591e-01,6.537680162382698557e-01,7.000000000000000666e-02
7.000000000000000000e+00,2.400000000000000000e+01,3.809523809523809312e-01,5.820120104196113697e-01,7.000000000000000666e-02
7.000000000000000000e+00,2.500000000000000000e+01,3.968253968253968034e-01,4.716398278384409393e-01,7.000000000000000666e-02
7.000000000000000000e+00,2.600000000000000000e+01,4.126984126984126755e-01,2.757099545316055722e-01,7.000000000000000666e-02
7.000000000000000000e+00,2.700000000000000000e+01,4.285714285714285476e-01,3.614796989536153693e-01,7.000000000000000666e-02
7.000000000000000000e+00,2.800000000000000000e+01,4.444444444444444198e-01,2.181402084564277588e-01,7.000000000000000666e-02
7.000000000000000000e+00,2.900000000000000000e+01,4.603174603174602919e-01,2.098007829108959610e-01,7.000000000000000666e-02
7.000000000000000000e+00,3.000000000000000000e+01,4.761904761904761640e-01,9.506855917354313512e-02,7.000000000000000666e-02
7.000000000000000000e+00,3.100000000000000000e+01,4.920634920634920362e-01,5.170939783026960029e-02,7.000000000000000666e-02
7.000000000000000000e+00,3.200000000000000000e+01,5.079365079365079083e-01,1.080745505836548520e-01,7.000000000000000666e-02
7.000000000000000000e+00,3.300000000000000000e+01,5.238095238095237249e-01,9.333044770553262232e-03,7.000000000000000666e-02
7.000000000000000000e+00,3.400000000000000000e+01,5.396825396825396526e-01,-1.395323790417662135e-01,7.000000000000000666e-02
7.000000000000000000e+00,3.500000000000000000e+01,5.555555555555555802e-01,-1.441472255520243606e-01,7.000000000000000666e-02
7.000000000000000000e+00,3.600000000000000000e+01,5.714285714285713969e-01,-3.200663298619685904e-01,7.000000000000000666e-02
7.000000000000000000e+00,3.700000000000000000e+01,5.873015873015872135e-01,-2.969762428826133172e-01,7.000000000000000666e-02
7.000000000000000000e+00,3.800000000000000000e+01,6.031746031746031411e-01,-3.593064781766043270e-01,7.000000000000000666e-02
7.000000000000000000e+00,3.900000000000000000e+01,6.190476190476190688e-01,-4.547930848132722970e-01,7.000000000000000666e-02
7.000000000000000000e+00,4.000000000000000000e+01,6.349206349206348854e-01,-5.890251145946976408e-01,7.000000000000000666e-02
7.000000000000000000e+00,4.100000000000000000e+01,6.507936507936507020e-01,-6.912520821894678758e-01,7.000000000000000666e-02
7.000000000000000000e+00,4.200000000000000000e+01,6.666666666666666297e-01,-6.961247908161913855e-01,7.000000000000000666e-02
7.000000000000000000e+00,4.300000000000000000e+01,6.825396825396825573e-01,-7.410320133457900527e-01,7.000000000000000666e-02
7.000000000000000000e+00,4.400000000000000000e+01,6.984126984126983739e-01,-6.859959103411988890e-01,7.000000000000000666e-02
7.000000000000000000e+00,4.500000000000000000e+01,7.142857142857141906e-01,-7.552798904776509836e-01,7.000000000000000666e-02
7.000000000000000000e+00,4.600000000000000000e+01,7.301587301587301182e-01,-8.831496857045566529e-01,7.000000000000000666e-02
7.000000000000000000e+00,4.700000000000000000e+01,7.460317460317460458e-01,-8.041215112568493861e-01,7.000000000000000666e-02
7.000000000000000000e+00,4.800000000000000000e+01,7.619047619047618625e-01,-7.739904355836336736e-01,7.000000000000000666e-02
7.000000000000000000e+00,4.900000000000000000e+01,7.777777777777776791e-01,-6.805981971168117983e-01,7.000000000000000666e-02
7.000000000000000000e+00,5.000000000000000000e+01,7.936507936507936067e-01,-5.974115686463796759e-01,7.000000000000000666e-02
7.000000000000000000e+00,5.100000000000000000e+01,8.095238095238095344e-01,-5.770427096564274549e-01,7.000000000000000666e-02
7.000000000000000000e+00,5.200000000000000000e+01,8.253968253968253510e-01,-5.569155193561790007e-01,7.000000000000000666e-02
7.000000000000000000e+00,5.300000000000000000e+01,8.412698412698411676e-01,-5.256218067243949577e-01,7.000000000000000666e-02
7.000000000000000000e+00,5.400000000000000000e+01,8.571428571428570953e-01,-2.886075050545909293e-01,7.000000000000000666e-02
7.000000000000000000e+00,5.500000000000000000e+01,8.730158730158730229e-01,-3.952423529449583528e-01,7.000000000000000666e-02
7.000000000000000000e+00,5.600000000000000000e+01,8.888888888888888395e-01,-3.268791352692930197e-01,7.000000000000000666e-02
7.000000000000000000e+00,5.700000000000000000e+01,9.047619047619046562e-01,-3.085235139245970371e-01,7.000000000000000666e-02
7.000000000000000000e+00,5.800000000000000000e+01,9.206349206349205838e-01,-2.858744093424877009e-01,7.000000000000000666e-02
7.000000000000000000e+00,5.900000000000000000e+01,9.365079365079365115e-01,-2.496544972357854220e-01,7.000000000000000666e-02
7.000000000000000000e+00,6.000000000000000000e+01,9.523809523809523281e-01,-2.030617086106045743e-01,7.000000000000000666e-02
7.000000000000000000e+00,6.100000000000000000e+01,9.682539682539681447e-01,-1.385167035537901714e-01,7.000000000000000666e-02
7.000000000000000000e+00,6.200000000000000000e+01,9.841269841269840724e-01,-3.670986752204773856e-02,7.000000000000000666e-02
7.000000000000000000e+00,6.300000000000000000e+01,1.000000000000000000e+00,7.597009022412296031e-02,7.000000000000000666e-02
8.000000000000000000e+00,0.000000000000000000e+00,0.000000000000000000e+00,-1.144967594009838399e-02,4.000000000000000083e-02
8.000000000000000000e+00,1.000000000000000000e+00,1.587301587301587213e-02,7.253754563565598112e-02,4.000000000000000083e-02
8.000000000000000000e+00,2.000000000000000000e+00,3.174603174603174427e-02,1.238241648161311770e-01,4.000000000000000083e-02
8.000000000000000000e+00,3.000000000000000000e+00,4.761904761904761640e-02,1.561613474058759499e-01,4.000000000000000083e-02
8.000000000000000000e+00,4.000000000000000000e+00,6.349206349206348854e-02,2.014808590605761118e-01,4.000000000000000083e-02
8.000000000000000000e+00,5.000000000000000000e+00,7.936507936507936067e-02,2.157976832129153977e-01,4.000000000000000083e-02
8.000000000000000000e+00,6.000000000000000000e+00,9.523809523809523281e-02,2.840876435196111882e-01,4.000000000000000083e-02
8.000000000000000000e+00,7.000000000000000000e+00,1.111111111111111049e-01,4.372188086227797865e-01,4.000000000000000083e-02
8.000000000000000000e+00,8.000000000000000000e+00,1.269841269841269771e-01,4.427757721673641900e-01,4.000000000000000083e-02
8.000000000000000000e+00,9.000000000000000000e+00,1.428571428571428492e-01,4.297347822303193010e-01,4.000000000000000083e-02
8.000000000000000000e+00,1.000000000000000000e+01,1.587301587301587213e-01,4.158395152031622022e-01,4.000000000000000083e-02
8.000000000000000000e+00,1.100000000000000000e+01,1.746031746031745935e-01,5.345793630568332899e-01,4.000000000000000083e-02
8.000000000000000000e+00,1.200000000000000000e+01,1.904761904761904656e-01,7.016867023588497787e-01,4.000000000000000083e-02
8.000000000000000000e+00,1.300000000000000000e+01,2.063492063492063378e-01,6.735837733020331175e-01,4.000000000000000083e-02
8.000000000000000000e+00,1.400000000000000000e+01,2.222222222222222099e-01,7.230348191200234309e-01,4.000000000000000083e-02
8.000000000000000000e+00,1.500000000000000000e+01,2.380952380952380820e-01,7.588659193511356760e-01,4.000000000000000083e-02
8.000000000000000000e+00,1.600000000000000000e+01,2.539682539682539542e-01,8.281932112605825402e-01,4.000000000000000083e-02
8.000000000000000000e+00,1.700000000000000000e+01,2.698412698412698263e-01,9.022238742915329457e-01,4.000000000000000083e-02
8.000000000000000000e+00,1.800000000000000000e+01,2.857142857142856984e-01,9.241329676986937969e-01,4.000000000000000083e-02
8.000000000000000000e+00,1.900000000000000000e+01,3.015873015873015706e-01,9.419973801303141991e-01,4.000000000000000083e-02
8.000000000000000000e+00,2.000000000000000000e+01,3.174603174603174427e-01,8.981426585954537245e-01,4.000000000000000083e-02
8.000000000000000000e+00,2.100000000000000000e+01,3.333333333333333148e-01,8.026779438714116699e-01,4.000000000000000083e-02
8.000000000000000000e+00,2.200000000000000000e+01,3.492063492063491870e-01,7.521990761650139135e-01,4.000000000000000083e-02
8.000000000000000000e+00,2.300000000000000000e+01,3.650793650793650591e-01,6.939662526414653865e-01,4.000000000000000083e-02
8.000000000000000000e+00,2.400000000000000000e+01,3.809523809523809312e-01,4.960236090259769748e-01,4.000000000000000083e-02
8.000000000000000000e+00,2.500000000000000000e+01,3.968253968253968034e-01,4.408623404619709252e-01,4.000000000000000083e-02
8.000000000000000000e+00,2.600000000000000000e+01,4.126984126984126755e-01,3.821654880643399199e-01,4.000000000000000083e-02
8.000000000000000000e+00,2.700000000000000000e+01,4.285714285714285476e-01,3.251670026861268603e-01,4.000000000000000083e-02
8.000000000000000000e+00,2.800000000000000000e+01,4.444444444444444198e-01,2.093055404135714948e-01,4.000000000000000083e-02
8.000000000000000000e+00,2.900000000000000000e+01,4.603174603174602919e-01,2.092410895783146374e-01,4.000000000000000083e-02
8.000000000000000000e+00,3.000000000000000000e+01,4.761904761904761640e-01,9.868989985306511614e-02,4.000000000000000083e-02
8.000000000000000000e+00,3.100000000000000000e+01,4.920634920634920362e-01,6.295666891482727678e-02,4.000000000000000083e-02
8.000000000000000000e+00,3.200000000000000000e+01,5.079365079365079083e-01,-1.210909553516792241e-02,4.000000000000000083e-02
8.000000000000000000e+00,3.300000000000000000e+01,5.238095238095237249e-01,-1.213544590076143653e-01,4.000000000000000083e-02
8.000000000000000000e+00,3.400000000000000000e+01,5.396825396825396526e-01,-1.672044050714519836e-01,4.000000000000000083e-02
8.000000000000000000e+00,3.500000000000000000e+01,5.555555555555555802e-01,-1.961466287510194584e-01,4.000000000000000083e-02
8.000000000000000000e+00,3.600000000000000000e+01,5.714285714285713969e-01,-2.981972059173151890e-01,4.000000000000000083e-02
8.000000000000000000e+00,3.700000000000000000e+01,5.873015873015872135e-01,-3.108298287166245122e-01,4.000000000000000083e-02
8.000000000000000000e+00,3.800000000000000000e+01,6.031746031746031411e-01,-3.467574356819752568e-01,4.000000000000000083e-02
8.000000000000000000e+00,3.900000000000000000e+01,6.190476190476190688e-01,-4.918942273343335225e-01,4.000000000000000083e-02
8.000000000000000000e+00,4.000000000000000000e+01,6.349206349206348854e-01,-5.158750573290730168e-01,4.000000000000000083e-02
8.000000000000000000e+00,4.100000000000000000e+01,6.507936507936507020e-01,-6.157249098277373101e-01,4.000000000000000083e-02
8.000000000000000000e+00,4.200000000000000000e+01,6.666666666666666297e-01,-6.520218845560961096e-01,4.000000000000000083e-02
8.000000000000000000e+00,4.300000000000000000e+01,6.825396825396825573e-01,-7.140051209454485459e-01,4.000000000000000083e-02
8.000000000000000000e+00,4.400000000000000000e+01,6.984126984126983739e-01,-7.955028686394967075e-01,4.000000000000000083e-02
8.000000000000000000e+00,4.500000000000000000e+01,7.142857142857141906e-01,-8.379067487750915255e-01,4.000000000000000083e-02
8.000000000000000000e+00,4.600000000000000000e+01,7.301587301587301182e-01,-8.312923613501095321e-01,4.000000000000000083e-02
8.000000000000000000e+00,4.700000000000000000e+01,7.460317460317460458e-01,-8.318506629414108566e-01,4.000000000000000083e-02
8.000000000000000000e+00,4.800000000000000000e+01,7.619047619047618625e-01,-7.237488542007166625e-01,4.000000000000000083e-02
8.000000000000000000e+00,4.900000000000000000e+01,7.777777777777776791e-01,-6.699499391564437412e-01,4.000000000000000083e-02
8.000000000000000000e+00,5.000000000000000000e+01,7.936507936507936067e-01,-6.132611306087419889e-01,4.000000000000000083e-02
8.000000000000000000e+00,5.100000000000000000e+01,8.095238095238095344e-01,-5.729191374227383671e-01,4.000000000000000083e-02
8.000000000000000000e+00,5.200000000000000000e+01,8.253968253968253510e-01,-4.707335595822169649e-01,4.000000000000000083e-02
8.000000000000000000e+00,5.300000000000000000e+01,8.412698412698411676e-01,-5.138600638187076353e-01,4.000000000000000083e-02
8.000000000000000000e+00,5.400000000000000000e+01,8.571428571428570953e-01,-4.901222953205019439e-01,4.000000000000000083e-02
8.000000000000000000e+00,5.500000000000000000e+01,8.730158730158730229e-01,-4.664472852346040477e-01,4.000000000000000083e-02
8.000000000000000000e+00,5.600000000000000000e+01,8.888888888888888395e-01,-4.334257478915705675e-01,4.000000000000000083e-02
8.000000000000000000e+00,5.700000000000000000e+01,9.047619047619046562e-01,-3.741843234598977164e-01,4.000000000000000083e-02
8.000000000000000000e+00,5.800000000000000000e+01,9.206349206349205838e-01,-2.876161965275353394e-01,4.000000000000000083e-02
8.000000000000000000e+00,5.900000000000000000e+01,9.365079365079365115e-01,-2.229333664321134223e-01,4.000000000000000083e-02
8.000000000000000000e+00,6.000000000000000000e+01,9.523809523809523281e-01,-1.902049918703870302e-01,4.000000000000000083e-02
8.000000000000000000e+00,6.100000000000000000e+01,9.682539682539681447e-01,-1.060460287253846279e-01,4.000000000000000083e-02
8.000000000000000000e+00,6.200000000000000000e+01,9.841269841269840724e-01,-2.900461553659024541e-02,4.000000000000000083e-02
8.000000000000000000e+00,6.300000000000000000e+01,1.000000000000000000e+00,-6.385932383971428851e-03,4.000000000000000083e-02
9.000000000000000000e+00,0.000000000000000000e+00,0.000000000000000000e+00,-3.264553383110631313e-02,5.000000000000000278e-02
9.000000000000000000e+00,1.000000000000000000e+00,1.587301587301587213e-02,7.279023491780936550e-02,5.000000000000000278e-02
9.000000000000000000e+00,2.000000000000000000e+00,3.174603174603174427e-02,1.366235372501749812e-01,5.000000000000000278e-02
9.000000000000000000e+00,3.000000000000000000e+00,4.761904761904761640e-02,1.625734053070308494e-01,5.000000000000000278e-02
9.000000000000000000e+00,4.000000000000000000e+00,6.349206349206348854e-02,1.639021054306604441e-01,5.000000000000000278e-02
9.000000000000000000e+00,5.000000000000000000e+00,7.936507936507936067e-02,2.702438432555706593e-01,5.000000000000000278e-02
9.000000000000000000e+00,6.000000000000000000e+00,9.523809523809523281e-02,3.439170737530367061e-01,5.000000000000000278e-02
9.000000000000000000e+00,7.000000000000000000e+00,1.111111111111111049e-01,3.802228858122667643e-01,5.000000000000000278e-02
9.000000000000000000e+00,8.000000000000000000e+00,1.269841269841269771e-01,3.928539850663318456e-01,5.000000000000000278e-02
9.000000000000000000e+00,9.000000000000000000e+00,1.428571428571428492e-01,4.780633386460339529e-01,5.000000000000000278e-02
9.000000000000000000e+00,1.000000000000000000e+01,1.587301587301587213e-01,4.783136884733100724e-01,5.000000000000000278e-02
9.000000000000000000e+00,1.100000000000000000e+01,1.746031746031745935e-01,5.451861587560919986e-01,5.000000000000000278e-02
9.000000000000000000e+00,1.200000000000000000e+01,1.904761904761904656e-01,6.790850430876104182e-01,5.000000000000000278e-02
9.000000000000000000e+00,1.300000000000000000e+01,2.063492063492063378e-01,7.297768625707026224e-01,5.000000000000000278e-02
9.000000000000000000e+00,1.400000000000000000e+01,2.222222222222222099e-01,7.400702016059876875e-01,5.000000000000000278e-02
9.000000000000000000e+00,1.500000000000000000e+01,2.380952380952380820e-01,7.904540312527749135e-01,5.000000000000000278e-02
9.000000000000000000e+00,1.600000000000000000e+01,2.539682539682539542e-01,8.408637522222258687e-01,5.000000000000000278e-02
9.000000000000000000e+00,1.700000000000000000e+01,2.698412698412698263e-01,7.843405089168941080e-01,5.000000000000000278e-02
9.000000000000000000e+00,1.800000000000000000e+01,2.857142857142856984e-01,8.430600156731135053e-01,5.000000000000000278e-02
9.000000000000000000e+00,1.900000000000000000e+01,3.015873015873015706e-01,8.742639549765257589e-01,5.000000000000000278e-02
9.000000000000000000e+00,2.000000000000000000e+01,3.174603174603174427e-01,8.523948363608726542e-01,5.000000000000000278e-02
9.000000000000000000e+00,2.100000000000000000e+01,3.333333333333333148e-01,7.602269013663971453e-01,5.000000000000000278e-02
9.000000000000000000e+00,2.200000000000000000e+01,3.492063492063491870e-01,7.395021360225592089e-01,5.000000000000000278e-02
9.000000000000000000e+00,2.300000000000000000e+01,3.650793650793650591e-01,6.997302907949422002e-01,5.000000000000000278e-02
9.000000000000000000e+00,2.400000000000000000e+01,3.809523809523809312e-01,5.895487429540519075e-01,5.000000000000000278e-02
9.000000000000000000e+00,2.500000000000000000e+01,3.968253968253968034e-01,3.854846953293430967e-01,5.000000000000000278e-02
9.000000000000000000e+00,2.600000000000000000e+01,4.126984126984126755e-01,3.169816266907968250e-01,5.000000000000000278e-02
9.000000000000000000e+00,2.700000000000000000e+01,4.285714285714285476e-01,2.768675927325072728e-01,5.000000000000000278e-02
9.000000000000000000e+00,2.800000000000000000e+01,4.444444444444444198e-01,2.540215215480575717e-01,5.000000000000000278e-02
9.000000000000000000e+00,2.900000000000000000e+01,4.603174603174602919e-01,2.215457472755333612e-01,5.000000000000000278e-02
9.000000000000000000e+00,3.000000000000000000e+01,4.761904761904761640e-01,5.141749046269786932e-02,5.000000000000000278e-02
9.000000000000000000e+00,3.100000000000000000e+01,4.920634920634920362e-01,1.556189876882366034e-02,5.000000000000000278e-02
9.000000000000000000e+00,3.200000000000000000e+01,5.079365079365079083e-01,1.304700111387700409e-02,5.000000000000000278e-02
9.000000000000000000e+00,3.300000000000000000e+01,5.238095238095237249e-01,-2.291095527102426921e-02,5.000000000000000278e-02
9.000000000000000000e+00,3.400000000000000000e+01,5.396825396825396526e-01,-2.139925085354557055e-01,5.000000000000000278e-02
9.000000000000000000e+00,3.500000000000000000e+01,5.555555555555555802e-01,-2.752328721713247495e-01,5.000000000000000278e-02
9.000000000000000000e+00,3.600000000000000000e+01,5.714285714285713969e-01,-3.061950437363488153e-01,5.000000000000000278e-02
9.000000000000000000e+00,3.700000000000000000e+01,5.873015873015872135e-01,-3.368083141872318942e-01,5.000000000000000278e-02
9.000000000000000000e+00,3.800000000000000000e+01,6.031746031746031411e-01,-3.937435995848096448e-01,5.000000000000000278e-02
9.000000000000000000e+00,3.900000000000000000e+01,6.190476190476190688e-01,-4.020957408234334673e-01,5.000000000000000278e-02
9.000000000000000000e+00,4.000000000000000000e+01,6.349206349206348854e-01,-4.583749693664838087e-01,5.000000000000000278e-02
9.000000000000000000e+00,4.100000000000000000e+01,6.507936507936507020e-01,-5.666580509081695638e-01,5.000000000000000278e-02
9.000000000000000000e+00,4.200000000000000000e+01,6.666666666666666297e-01,-7.218105371190237651e-01,5.000000000000000278e-02
9.000000000000000000e+00,4.300000000000000000e+01,6.825396825396825573e-01,-7.166121312033985058e-01,5.000000000000000278e-02
9.000000000000000000e+00,4.400000000000000000e+01,6.984126984126983739e-01,-7.852666849446198194e-01,5.000000000000000278e-02
9.000000000000000000e+00,4.500000000000000000e+01,7.142857142857141906e-01,-8.280767731822804567e-01,5.000000000000000278e-02
9.000000000000000000e+00,4.600000000000000000e+01,7.301587301587301182e-01,-7.777912819669886568e-01,5.000000000000000278e-02
9.000000000000000000e+00,4.700000000000000000e+01,7.460317460317460458e-01,-8.164219144651504445e-01,5.000000000000000278e-02
9.000000000000000000e+00,4.800000000000000000e+01,7.619047619047618625e-01,-7.818372582756133449e-01,5.000000000000000278e-02
9.000000000000000000e+00,4.900000000000000000e+01,7.777777777777776791e-01,-7.032783650210144843e-01,5.000000000000000278e-02
9.000000000000000000e+00,5.000000000000000000e+01,7.936507936507936067e-01,-6.055593482554552098e-01,5.000000000000000278e-02
9.000000000000000000e+00,5.100000000000000000e+01,8.095238095238095344e-01,-5.498417344356411052e-01,5.000000000000000278e-02
9.000000000000000000e+00,5.200000000000000000e+01,8.253968253968253510e-01,-5.176471330753623645e-01,5.000000000000000278e-02
9.000000000000000000e+00,5.300000000000000000e+01,8.412698412698411676e-01,-5.262495521386352237e-01,5.000000000000000278e-02
9.000000000000000000e+00,5.400000000000000000e+01,8.571428571428570953e-01,-5.385049278141704754e-01,5.000000000000000278e-02
9.000000000000000000e+00,5.500000000000000000e+01,8.730158730158730229e-01,-4.133257061003168253e-01,5.000000000000000278e-02
9.000000000000000000e+00,5.600000000000000000e+01,8.888888888888888395e-01,-4.105719910100519843e-01,5.000000000000000278e-02
9.000000000000000000e+00,5.700000000000000000e+01,9.047619047619046562e-01,-3.618285865996435091e-01,5.000000000000000278e-02
9.000000000000000000e+00,5.800000000000000000e+01,9.206349206349205838e-01,-2.906331476690774962e-01,5.000000000000000278e-02
9.000000000000000000e+00,5.900000000000000000e+01,9.365079365079365115e-01,-3.001993824662397836e-01,5.000000000000000278e-02
9.000000000000000000e+00,6.000000000000000000e+01,9.523809523809523281e-01,-1.809244740346724334e-01,5.000000000000000278e-02
9.000000000000000000e+00,6.100000000000000000e+01,9.682539682539681447e-01,-1.261516918054117475e-01,5.000000000000000278e-02
9.000000000000000000e+00,6.200000000000000000e+01,9.841269841269840724e-01,-1.056661553962462002e-01,5.000000000000000278e-02
9.000000000000000000e+00,6.300000000000000000e+01,1.000000000000000000e+00,-6.413173260011684196e-02,5.000000000000000278e-02
1.000000000000000000e+01,0.000000000000000000e+00,0.000000000000000000e+00,1.449894470273436695e-02,5.999999999999999778e-02
1.000000000000000000e+01,1.000000000000000000e+00,1.587301587301587213e-02,2.614893406175453419e-02,5.999999999999999778e-02
1.000000000000000000e+01,2.000000000000000000e+00,3.174603174603174427e-02,1.901639435568005798e-01,5.999999999999999778e-02
1.000000000000000000e+01,3.000000000000000000e+00,4.761904761904761640e-02,1.719097596428380559e-01,5.999999999999999778e-02
1.000000000000000000e+01,4.000000000000000000e+00,6.349206349206348854e-02,2.276061804795798948e-01,5.999999999999999778e-02
1.000000000000000000e+01,5.000000000000000000e+00,7.936507936507936067e-02,2.984283116378270151e-01,5.999999999999999778e-02
1.000000000000000000e+01,6.000000000000000000e+00,9.523809523809523281e-02,3.212366647943073472e-01,5.999999999999999778e-02
1.000000000000000000e+01,7.000000000000000000e+00,1.111111111111111049e-01,3.857891270959802332e-01,5.999999999999999778e-02
1.000000000000000000e+01,8.000000000000000000e+00,1.269841269841269771e-01,4.310853181011079505e-01,5.999999999999999778e-02
1.000000000000000000e+01,9.000000000000000000e+00,1.428571428571428492e-01,4.475187423107488960e-01,5.999999999999999778e-02
1.000000000000000000e+01,1.000000000000000000e+01,1.587301587301587213e-01,5.338772176165991201e-01,5.999999999999999778e-02
1.000000000000000000e+01,1.100000000000000000e+01,1.746031746031745935e-01,6.027017345264255033e-01,5.999999999999999778e-02
1.000000000000000000e+01,1.200000000000000000e+01,1.904761904761904656e-01,5.308462180877676628e-01,5.999999999999999778e-02
1.000000000000000000e+01,1.300000000000000000e+01,2.063492063492063378e-01,5.643589609427095422e-01,5.999999999999999778e-02
1.000000000000000000e+01,1.400000000000000000e+01,2.222222222222222099e-01,8.299233620705920300e-01,5.999999999999999778e-02
1.000000000000000000e+01,1.500000000000000000e+01,2.380952380952380820e-01,9.350059031185035119e-01,5.999999999999999778e-02
1.000000000000000000e+01,1.600000000000000000e+01,2.539682539682539542e-01,8.295811618237094454e-01,5.999999999999999778e-02
1.000000000000000000e+01,1.700000000000000000e+01,2.698412698412698263e-01,7.892251731788657576e-01,5.999999999999999778e-02
1.000000000000000000e+01,1.800000000000000000e+01,2.857142857142856984e-01,8.893699477345544668e-01,5.999999999999999778e-02
1.000000000000000000e+01,1.900000000000000000e+01,3.015873015873015706e-01,8.980599864604128513e-01,5.999999999999999778e-02
1.000000000000000000e+01,2.000000000000000000e+01,3.174603174603174427e-01,8.642839456955396793e-01,5.999999999999999778e-02
1.000000000000000000e+01,2.100000000000000000e+01,3.333333333333333148e-01,7.627812785300065457e-01,5.999999999999999778e-02
1.000000000000000000e+01,2.200000000000000000e+01,3.492063492063491870e-01,7.199821728486651695e-01,5.999999999999999778e-02
1.000000000000000000e+01,2.300000000000000000e+01,3.650793650793650591e-01,6.634113887118300301e-01,5.999999999999999778e-02
1.000000000000000000e+01,2.400000000000000000e+01,3.809523809523809312e-01,5.084959409838408773e-01,5.999999999999999778e-02
1.000000000000000000e+01,2.500000000000000000e+01,3.968253968253968034e-01,4.090199529158492497e-01,5.999999999999999778e-02
1.000000000000000000e+01,2.600000000000000000e+01,4.126984126984126755e-01,4.323051739828857598e-01,5.999999999999999778e-02
1.000000000000000000e+01,2.700000000000000000e+01,4.285714285714285476e-01,3.783603340186124098e-01,5.999999999999999778e-02
1.000000000000000000e+01,2.800000000000000000e+01,4.444444444444444198e-01,2.225106950434083131e-01,5.999999999999999778e-02
1.000000000000000000e+01,2.900000000000000000e+01,4.603174603174602919e-01,1.361156045025301853e-01,5.999999999999999778e-02
1.000000000000000000e+01,3.000000000000000000e+01,4.761904761904761640e-01,8.801206402949020291e-02,5.999999999999999778e-02
1.000000000000000000e+01,3.100000000000000000e+01,4.920634920634920362e-01,6.346378174002639816e-02,5.999999999999999778e-02
1.000000000000000000e+01,3.200000000000000000e+01,5.079365079365079083e-01,-1.288617022178501492e-01,5.999999999999999778e-02
1.000000000000000000e+01,3.300000000000000000e+01,5.238095238095237249e-01,-9.021146126675506915e-02,5.999999999999999778e-02
1.000000000000000000e+01,3.400000000000000000e+01,5.396825396825396526e-01,-1.660803160303309933e-01,5.999999999999999778e-02
1.000000000000000000e+01,3.500000000000000000e+01,5.555555555555555802e-01,-1.241388735555803424e-01,5.999999999999999778e-02
1.000000000000000000e+01,3.600000000000000000e+01,5.714285714285713969e-01,-2.364516544058178071e-01,5.999999999999999778e-02
1.000000000000000000e+01,3.700000000000000000e+01,5.873015873015872135e-01,-2.531396698066882833e-01,5.999999999999999778e-02
1.000000000000000000e+01,3.800000000000000000e+01,6.031746031746031411e-01,-3.657169413837086380e-01,5.999999999999999778e-02
1.000000000000000000e+01,3.900000000000000000e+01,6.190476190476190688e-01,-4.367026887188557027e-01,5.999999999999999778e-02
1.000000000000000000e+01,4.000000000000000000e+01,6.349206349206348854e-01,-4.568775646613487118e-01,5.999999999999999778e-02
1.000000000000000000e+01,4.100000000000000000e+01,6.507936507936507020e-01,-5.637706778913937899e-01,5.999999999999999778e-02
1.000000000000000000e+01,4.200000000000000000e+01,6.666666666666666297e-01,-6.645910489379196484e-01,5.999999999999999778e-02
1.000000000000000000e+01,4.300000000000000000e+01,6.825396825396825573e-01,-6.872674158386964383e-01,5.999999999999999778e-02
1.000000000000000000e+01,4.400000000000000000e+01,6.984126984126983739e-01,-7.317360377858503906e-01,5.999999999999999778e-02
1.000000000000000000e+01,4.500000000000000000e+01,7.142857142857141906e-01,-8.610370282304428136e-01,5.999999999999999778e-02
1.000000000000000000e+01,4.600000000000000000e+01,7.301587301587301182e-01,-9.303868541304199935e-01,5.999999999999999778e-02
1.000000000000000000e+01,4.700000000000000000e+01,7.460317460317460458e-01,-8.086552814754096596e-01,5.999999999999999778e-02
1.000000000000000000e+01,4.800000000000000000e+01,7.619047619047618625e-01,-8.031261810500381904e-01,5.999999999999999778e-02
1.000000000000000000e+01,4.900000000000000000e+01,7.777777777777776791e-01,-7.142387140908416088e-01,5.999999999999999778e-02
1.000000000000000000e+01,5.000000000000000000e+01,7.936507936507936067e-01,-6.413842400121497755e-01,5.999999999999999778e-02
1.000000000000000000e+01,5.100000000000000000e+01,8.095238095238095344e-01,-6.654868659190331659e-01,5.999999999999999778e-02
1.000000000000000000e+01,5.200000000000000000e+01,8.253968253968253510e-01,-6.443491682010702437e-01,5.999999999999999778e-02
1.000000000000000000e+01,5.300000000000000000e+01,8.412698412698411676e-01,-5.251861858053771259e-01,5.999999999999999778e-02
1.000000000000000000e+01,5.400000000000000000e+01,8.571428571428570953e-01,-4.755818008749541637e-01,5.999999999999999778e-02
1.000000000000000000e+01,5.500000000000000000e+01,8.730158730158730229e-01,-5.229744652335249766e-01,5.999999999999999778e-02
1.000000000000000000e+01,5.600000000000000000e+01,8.888888888888888395e-01,-4.498141885699118436e-01,5.999999999999999778e-02
1.000000000000000000e+01,5.700000000000000000e+01,9.047619047619046562e-01,-3.021938343110702196e-01,5.999999999999999778e-02
1.000000000000000000e+01,5.800000000000000000e+01,9.206349206349205838e-01,-2.890563285411863470e-01,5.999999999999999778e-02
1.000000000000000000e+01,5.900000000000000000e+01,9.365079365079365115e-01,-2.848420532125423010e-01,5.999999999999999778e-02
1.000000000000000000e+01,6.000000000000000000e+01,9.523809523809523281e-01,-2.311178902385376543e-01,5.999999999999999778e-02
1.000000000000000000e+01,6.100000000000000000e+01,9.682539682539681447e-01,-7.238066098498778522e-02,5.999999999999999778e-02
1.000000000000000000e+01,6.200000000000000000e+01,9.841269841269840724e-01,-3.102005883824143079e-02,5.999999999999999778e-02
1.000000000000000000e+01,6.300000000000000000e+01,1.000000000000000000e+00,1.429561368739536431e-01,5.999999999999999778e-02
1.100000000000000000e+01,0.000000000000000000e+00,0.000000000000000000e+00,2.941347531287490796e-02,7.000000000000000666e-02
1.100000000000000000e+01,1.000000000000000000e+00,1.587301587301587213e-02,8.068335103192306179e-02,7.000000000000000666e-02
1.100000000000000000e+01,2.000000000000000000e+00,3.174603174603174427e-02,1.289677795101804858e-01,7.000000000000000666e-02
1.100000000000000000e+01,3.000000000000000000e+00,4.761904761904761640e-02,2.274926732938532536e-01,7.000000000000000666e-02
1.100000000000000000e+01,4.000000000000000000e+00,6.349206349206348854e-02,3.045330052026190559e-01,7.000000000000000666e-02
1.100000000000000000e+01,5.000000000000000000e+00,7.936507936507936067e-02,2.760861793034589673e-01,7.000000000000000666e-02
1.100000000000000000e+01,6.000000000000000000e+00,9.523809523809523281e-02,3.076790142119696925e-01,7.000000000000000666e-02
1.100000000000000000e+01,7.000000000000000000e+00,1.111111111111111049e-01,3.632412471209200411e-01,7.000000000000000666e-02
1.100000000000000000e+01,8.000000000000000000e+00,1.269841269841269771e-01,5.013527003317047592e-01,7.000000000000000666e-02
1.100000000000000000e+01,9.000000000000000000e+00,1.428571428571428492e-01,5.225925962426311022e-01,7.000000000000000666e-02
1.100000000000000000e+01,1.000000000000000000e+01,1.587301587301587213e-01,4.888917669545209121e-01,7.000000000000000666e-02
1.100000000000000000e+01,1.100000000000000000e+01,1.746031746031745935e-01,5.730190899705629448e-01,7.000000000000000666e-02
1.100000000000000000e+01,1.200000000000000000e+01,1.904761904761904656e-01,5.989467405017028234e-01,7.000000000000000666e-02
1.100000000000000000e+01,1.300000000000000000e+01,2.063492063492063378e-01,7.190153405994125224e-01,7.000000000000000666e-02
1.100000000000000000e+01,1.400000000000000000e+01,2.222222222222222099e-01,5.916161182259561668e-01,7.000000000000000666e-02
1.100000000000000000e+01,1.500000000000000000e+01,2.380952380952380820e-01,7.336367580124713017e-01,7.000000000000000666e-02
1.100000000000000000e+01,1.600000000000000000e+01,2.539682539682539542e-01,7.371463081832175801e-01,7.000000000000000666e-02
1.100000000000000000e+01,1.700000000000000000e+01,2.698412698412698263e-01,8.011626056245444438e-01,7.000000000000000666e-02
1.100000000000000000e+01,1.800000000000000000e+01,2.857142857142856984e-01,8.580816365482035746e-01,7.000000000000000666e-02
1.100000000000000000e+01,1.900000000000000000e+01,3.015873015873015706e-01,9.058119536273014916e-01,7.000000000000000666e-02
1.100000000000000000e+01,2.000000000000000000e+01,3.174603174603174427e-01,9.404417217756498859e-01,7.000000000000000666e-02
1.100000000000000000e+01,2.100000000000000000e+01,3.333333333333333148e-01,7.767516932880860203e-01,7.000000000000000666e-02
1.100000000000000000e+01,2.200000000000000000e+01,3.492063492063491870e-01,6.874271296570142464e-01,7.000000000000000666e-02
1.100000000000000000e+01,2.300000000000000000e+01,3.650793650793650591e-01,6.767959106334605623e-01,7.000000000000000666e-02
1.100000000000000000e+01,2.400000000000000000e+01,3.809523809523809312e-01,4.928105680376290154e-01,7.000000000000000666e-02
1.100000000000000000e+01,2.500000000000000000e+01,3.968253968253968034e-01,3.793803036577042542e-01,7.000000000000000666e-02
1.100000000000000000e+01,2.600000000000000000e+01,4.126984126984126755e-01,3.934516837686829471e-01,7.000000000000000666e-02
1.100000000000000000e+01,2.700000000000000000e+01,4.285714285714285476e-01,2.890873370930454045e-01,7.000000000000000666e-02
1.100000000000000000e+01,2.800000000000000000e+01,4.444444444444444198e-01,2.437468878356238433e-01,7.000000000000000666e-02
1.100000000000000000e+01,2.900000000000000000e+01,4.603174603174602919e-01,1.837993435970135814e-01,7.000000000000000666e-02
1.100000000000000000e+01,3.000000000000000000e+01,4.761904761904761640e-01,4.872901669525823987e-02,7.000000000000000666e-02
1.100000000000000000e+01,3.100000000000000000e+01,4.920634920634920362e-01,2.449490692520530158e-02,7.000000000000000666e-02
1.100000000000000000e+01,3.200000000000000000e+01,5.079365079365079083e-01,-4.981299991100949370e-02,7.000000000000000666e-02
1.100000000000000000e+01,3.300000000000000000e+01,5.238095238095237249e-01,-1.801227226834642980e-01,7.000000000000000666e-02
1.100000000000000000e+01,3.400000000000000000e+01,5.396825396825396526e-01,-1.948728174021144011e-01,7.000000000000000666e-02
1.100000000000000000e+01,3.500000000000000000e+01,5.555555555555555802e-01,-1.974858198437343948e-01,7.000000000000000666e-02
1.100000000000000000e+01,3.600000000000000000e+01,5.714285714285713969e-01,-3.188687313992998318e-01,7.000000000000000666e-02
1.100000000000000000e+01,3.700000000000000000e+01,5.873015873015872135e-01,-3.296577649909505636e-01,7.000000000000000666e-02
1.100000000000000000e+01,3.800000000000000000e+01,6.031746031746031411e-01,-2.965678100033072861e-01,7.000000000000000666e-02
1.100000000000000000e+01,3.900000000000000000e+01,6.190476190476190688e-01,-5.724046252821161085e-01,7.000000000000000666e-02
1.100000000000000000e+01,4.000000000000000000e+01,6.349206349206348854e-01,-5.749191232876891267e-01,7.000000000000000666e-02
1.100000000000000000e+01,4.100000000000000000e+01,6.507936507936507020e-01,-5.340586400831038860e-01,7.000000000000000666e-02
1.100000000000000000e+01,4.200000000000000000e+01,6.666666666666666297e-01,-5.861869201067564372e-01,7.000000000000000666e-02
1.100000000000000000e+01,4.300000000000000000e+01,6.825396825396825573e-01,-6.680102161647980541e-01,7.000000000000000666e-02
1.100000000000000000e+01,4.400000000000000000e+01,6.984126984126983739e-01,-8.659558919587599934e-01,7.000000000000000666e-02
1.100000000000000000e+01,4.500000000000000000e+01,7.142857142857141906e-01,-8.935513389006797258e-01,7.000000000000000666e-02
1.100000000000000000e+01,4.600000000000000000e+01,7.301587301587301182e-01,-8.122774751861893128e-01,7.000000000000000666e-02
1.100000000000000000e+01,4.700000000000000000e+01,7.460317460317460458e-01,-7.848527088594293710e-01,7.000000000000000666e-02
1.100000000000000000e+01,4.800000000000000000e+01,7.619047619047618625e-01,-7.446447477416259231e-01,7.000000000000000666e-02
1.100000000000000000e+01,4.900000000000000000e+01,7.777777777777776791e-01,-6.778477813498966498e-01,7.000000000000000666e-02
1.100000000000000000e+01,5.000000000000000000e+01,7.936507936507936067e-01,-6.215879432262513271e-01,7.000000000000000666e-02
1.100000000000000000e+01,5.100000000000000000e+01,8.095238095238095344e-01,-5.310759451953351862e-01,7.000000000000000666e-02
1.100000000000000000e+01,5.200000000000000000e+01,8.253968253968253510e-01,-5.321682342160890533e-01,7.000000000000000666e-02
1.100000000000000000e+01,5.300000000000000000e+01,8.412698412698411676e-01,-6.396545697265050290e-01,7.000000000000000666e-02
1.100000000000000000e+01,5.400000000000000000e+01,8.571428571428570953e-01,-4.975367432587687877e-01,7.000000000000000666e-02
1.100000000000000000e+01,5.500000000000000000e+01,8.730158730158730229e-01,-3.500037512071972889e-01,7.000000000000000666e-02
1.100000000000000000e+01,5.600000000000000000e+01,8.888888888888888395e-01,-4.398953630168970230e-01,7.000000000000000666e-02
1.100000000000000000e+01,5.700000000000000000e+01,9.047619047619046562e-01,-4.616159759529445683e-01,7.000000000000000666e-02
1.100000000000000000e+01,5.800000000000000000e+01,9.206349206349205838e-01,-2.678403649975444889e-01,7.000000000000000666e-02
1.100000000000000000e+01,5.900000000000000000e+01,9.365079365079365115e-01,-1.455560754200329043e-01,7.000000000000000666e-02
1.100000000000000000e+01,6.000000000000000000e+01,9.523809523809523281e-01,-9.783838621339357999e-02,7.000000000000000666e-02
1.100000000000000000e+01,6.100000000000000000e+01,9.682539682539681447e-01,-1.250738759317513438e-01,7.000000000000000666e-02
1.100000000000000000e+01,6.200000000000000000e+01,9.841269841269840724e-01,-1.164310451695857590e-01,7.000000000000000666e-02
1.100000000000000000e+01,6.300000000000000000e+01,1.000000000000000000e+00,8.015903298550603948e-04,7.000000000000000666e-02
1.200000000000000000e+01,0.000000000000000000e+00,0.000000000000000000e+00,-4.060244282702335505e-02,4.000000000000000083e-02
1.200000000000000000e+01,1.000000000000000000e+00,1.587301587301587213e-02,1.260990149277131656e-01,4.000000000000000083e-02
1.200000000000000000e+01,2.000000000000000000e+00,3.174603174603174427e-02,1.928442135792748924e-01,4.000000000000000083e-02
1.200000000000000000e+01,3.000000000000000000e+00,4.761904761904761640e-02,2.319425716349027833e-01,4.000000000000000083e-02
1.200000000000000000e+01,4.000000000000000000e+00,6.349206349206348854e-02,2.377056131177032738e-01,4.000000000000000083e-02
1.200000000000000000e+01,5.000000000000000000e+00,7.936507936507936067e-02,2.758170453563308921e-01,4.000000000000000083e-02
1.200000000000000000e+01,6.000000000000000000e+00,9.523809523809523281e-02,3.702980671602638663e-01,4.000000000000000083e-02
1.200000000000000000e+01,7.000000000000000000e+00,1.111111111111111049e-01,4.115385613492825723e-01,4.000000000000000083e-02
1.200000000000000000e+01,8.000000000000000000e+00,1.269841269841269771e-01,4.505788067363373228e-01,4.000000000000000083e-02
1.200000000000000000e+01,9.000000000000000000e+00,1.428571428571428492e-01,5.217635161335104632e-01,4.000000000000000083e-02
1.200000000000000000e+01,1.000000000000000000e+01,1.587301587301587213e-01,5.516668494060247285e-01,4.000000000000000083e-02
1.200000000000000000e+01,1.100000000000000000e+01,1.746031746031745935e-01,5.924414028354063610e-01,4.000000000000000083e-02
1.200000000000000000e+01,1.200000000000000000e+01,1.904761904761904656e-01,6.408625661157063558e-01,4.000000000000000083e-02
1.200000000000000000e+01,1.300000000000000000e+01,2.063492063492063378e-01,6.887432515338796080e-01,4.000000000000000083e-02
1.200000000000000000e+01,1.400000000000000000e+01,2.222222222222222099e-01,7.219197086456852208e-01,4.000000000000000083e-02
1.200000000000000000e+01,1.500000000000000000e+01,2.380952380952380820e-01,7.260819779752568648e-01,4.000000000000000083e-02
1.200000000000000000e+01,1.600000000000000000e+01,2.539682539682539542e-01,8.519566794420010414e-01,4.000000000000000083e-02
1.200000000000000000e+01,1.700000000000000000e+01,2.698412698412698263e-01,8.790036897284027040e-01,4.000000000000000083e-02
1.200000000000000000e+01,1.800000000000000000e+01,2.857142857142856984e-01,8.770722918966753490e-01,4.000000000000000083e-02
1.200000000000000000e+01,1.900000000000000000e+01,3.015873015873015706e-01,9.317463548851467880e-01,4.000000000000000083e-02
1.200000000000000000e+01,2.000000000000000000e+01,3.174603174603174427e-01,9.440591939161410151e-01,4.000000000000000083e-02
1.200000000000000000e+01,2.100000000000000000e+01,3.333333333333333148e-01,8.753070151435869972e-01,4.000000000000000083e-02
1.200000000000000000e+01,2.200000000000000000e+01,3.492063492063491870e-01,7.714045663432286259e-01,4.000000000000000083e-02
1.200000000000000000e+01,2.300000000000000000e+01,3.650793650793650591e-01,6.442482237997333439e-01,4.000000000000000083e-02
1.200000000000000000e+01,2.400000000000000000e+01,3.809523809523809312e-01,5.858860020939010704e-01,4.000000000000000083e-02
1.200000000000000000e+01,2.500000000000000000e+01,3.968253968253968034e-01,4.537877210052473909e-01,4.000000000000000083e-02
1.200000000000000000e+01,2.600000000000000000e+01,4.126984126984126755e-01,3.679250855823083532e-01,4.000000000000000083e-02
1.200000000000000000e+01,2.700000000000000000e+01,4.285714285714285476e-01,2.662537828798158257e-01,4.000000000000000083e-02
1.200000000000000000e+01,2.800000000000000000e+01,4.444444444444444198e-01,2.020092378518986986e-01,4.000000000000000083e-02
1.200000000000000000e+01,2.900000000000000000e+01,4.603174603174602919e-01,1.662325914743853772e-01,4.000000000000000083e-02
1.200000000000000000e+01,3.000000000000000000e+01,4.761904761904761640e-01,8.428177722640890768e-02,4.000000000000000083e-02
1.200000000000000000e+01,3.100000000000000000e+01,4.920634920634920362e-01,-1.789778148045823719e-02,4.000000000000000083e-02
1.200000000000000000e+01,3.200000000000000000e+01,5.079365079365079083e-01,-3.470221938908938514e-02,4.000000000000000083e-02
1.200000000000000000e+01,3.300000000000000000e+01,5.238095238095237249e-01,-9.216765242436787686e-02,4.000000000000000083e-02
1.200000000000000000e+01,3.400000000000000000e+01,5.396825396825396526e-01,-9.977721075591661215e-02,4.000000000000000083e-02
1.200000000000000000e+01,3.500000000000000000e+01,5.555555555555555802e-01,-1.532203731581444073e-01,4.000000000000000083e-02
1.200000000000000000e+01,3.600000000000000000e+01,5.714285714285713969e-01,-2.399629888761631857e-01,4.000000000000000083e-02
1.200000000000000000e+01,3.700000000000000000e+01,5.873015873015872135e-01,-3.113476378196381456e-01,4.000000000000000083e-02
1.200000000000000000e+01,3.800000000000000000e+01,6.031746031746031411e-01,-3.596385348845332897e-01,4.000000000000000083e-02
1.200000000000000000e+01,3.900000000000000000e+01,6.190476190476190688e-01,-4.217555487976334394e-01,4.000000000000000083e-02
1.200000000000000000e+01,4.000000000000000000e+01,6.349206349206348854e-01,-4.910800401811298288e-01,4.000000000000000083e-02
1.200000000000000000e+01,4.100000000000000000e+01,6.507936507936507020e-01,-5.904354326092603467e-01,4.000000000000000083e-02
1.200000000000000000e+01,4.200000000000000000e+01,6.666666666666666297e-01,-6.522675620151690001e-01,4.000000000000000083e-02
1.200000000000000000e+01,4.300000000000000000e+01,6.825396825396825573e-01,-7.334216238036673774e-01,4.000000000000000083e-02
1.200000000000000000e+01,4.400000000000000000e+01,6.984126984126983739e-01,-8.219090853641587424e-01,4.000000000000000083e-02
1.200000000000000000e+01,4.500000000000000000e+01,7.142857142857141906e-01,-8.572074865506615904e-01,4.000000000000000083e-02
1.200000000000000000e+01,4.600000000000000000e+01,7.301587301587301182e-01,-8.155324110821423611e-01,4.000000000000000083e-02
1.200000000000000000e+01,4.700000000000000000e+01,7.460317460317460458e-01,-7.936769313637516143e-01,4.000000000000000083e-02
1.200000000000000000e+01,4.800000000000000000e+01,7.619047619047618625e-01,-8.143243202972039185e-01,4.000000000000000083e-02
1.200000000000000000e+01,4.900000000000000000e+01,7.777777777777776791e-01,-7.099140169280110380e-01,4.000000000000000083e-02
1.200000000000000000e+01,5.000000000000000000e+01,7.936507936507936067e-01,-6.102076720364356666e-01,4.000000000000000083e-02
1.200000000000000000e+01,5.100000000000000000e+01,8.095238095238095344e-01,-5.455757164890020494e-01,4.000000000000000083e-02
1.200000000000000000e+01,5.200000000000000000e+01,8.253968253968253510e-01,-5.039236308143353327e-01,4.000000000000000083e-02
1.200000000000000000e+01,5.300000000000000000e+01,8.412698412698411676e-01,-4.776809014655857832e-01,4.000000000000000083e-02
1.200000000000000000e+01,5.400000000000000000e+01,8.571428571428570953e-01,-4.736852551963277591e-01,4.000000000000000083e-02
1.200000000000000000e+01,5.500000000000000000e+01,8.730158730158730229e-01,-4.638100889639121260e-01,4.000000000000000083e-02
1.200000000000000000e+01,5.600000000000000000e+01,8.888888888888888395e-01,-4.278118582164763817e-01,4.000000000000000083e-02
1.200000000000000000e+01,5.700000000000000000e+01,9.047619047619046562e-01,-3.374262096834635960e-01,4.000000000000000083e-02
1.200000000000000000e+01,5.800000000000000000e+01,9.206349206349205838e-01,-2.718509553995538397e-01,4.000000000000000083e-02
1.200000000000000000e+01,5.900000000000000000e+01,9.365079365079365115e-01,-1.990607387841868414e-01,4.000000000000000083e-02
1.200000000000000000e+01,6.000000000000000000e+01,9.523809523809523281e-01,-1.279507914780716737e-01,4.000000000000000083e-02
1.200000000000000000e+01,6.100000000000000000e+01,9.682539682539681447e-01,-8.727288582006033357e-02,4.000000000000000083e-02
1.200000000000000000e+01,6.200000000000000000e+01,9.841269841269840724e-01,-7.064707185092933273e-02,4.000000000000000083e-02
1.200000000000000000e+01,6.300000000000000000e+01,1.000000000000000000e+00,-4.976823524152552969e-02,4.000000000000000083e-02
1.300000000000000000e+01,0.000000000000000000e+00,0.000000000000000000e+00,-1.595505644841560197e-02,5.000000000000000278e-02
1.300000000000000000e+01,1.000000000000000000e+00,1.587301587301587213e-02,6.590498493345277320e-02,5.000000000000000278e-02
1.300000000000000000e+01,2.000000000000000000e+00,3.174603174603174427e-02,1.003382520066698064e-01,5.000000000000000278e-02
1.300000000000000000e+01,3.000000000000000000e+00,4.761904761904761640e-02,1.755424134312351392e-01,5.000000000000000278e-02
1.300000000000000000e+01,4.000000000000000000e+00,6.349206349206348854e-02,2.120528901118977905e-01,5.000000000000000278e-02
1.300000000000000000e+01,5.000000000000000000e+00,7.936507936507936067e-02,2.608526699889218148e-01,5.000000000000000278e-02
1.300000000000000000e+01,6.000000000000000000e+00,9.523809523809523281e-02,3.419591418364707480e-01,5.000000000000000278e-02
1.300000000000000000e+01,7.000000000000000000e+00,1.111111111111111049e-01,3.846176872862204776e-01,5.000000000000000278e-02
1.300000000000000000e+01,8.000000000000000000e+00,1.269841269841269771e-01,4.459827978082127053e-01,5.000000000000000278e-02
1.300000000000000000e+01,9.000000000000000000e+00,1.428571428571428492e-01,4.195129111297693503e-01,5.000000000000000278e-02
1.300000000000000000e+01,1.000000000000000000e+01,1.587301587301587213e-01,5.168583738287360063e-01,5.000000000000000278e-02
1.300000000000000000e+01,1.100000000000000000e+01,1.746031746031745935e-01,5.783622882214423111e-01,5.000000000000000278e-02
1.300000000000000000e+01,1.200000000000000000e+01,1.904761904761904656e-01,5.227523669111591165e-01,5.000000000000000278e-02
1.300000000000000000e+01,1.300000000000000000e+01,2.063492063492063378e-01,5.721858034623337197e-01,5.000000000000000278e-02
1.300000000000000000e+01,1.400000000000000000e+01,2.222222222222222099e-01,7.284415816886353756e-01,5.000000000000000278e-02
1.300000000000000000e+01,1.500000000000000000e+01,2.380952380952380820e-01,7.894296574719019688e-01,5.000000000000000278e-02
1.300000000000000000e+01,1.600000000000000000e+01,2.539682539682539542e-01,8.812584993960657087e-01,5.000000000000000278e-02
1.300000000000000000e+01,1.700000000000000000e+01,2.698412698412698263e-01,8.072782967183989022e-01,5.000000000000000278e-02
1.300000000000000000e+01,1.800000000000000000e+01,2.857142857142856984e-01,9.437687953666744622e-01,5.000000000000000278e-02
1.300000000000000000e+01,1.900000000000000000e+01,3.015873015873015706e-01,9.649081698481957181e-01,5.000000000000000278e-02
1.300000000000000000e+01,2.000000000000000000e+01,3.174603174603174427e-01,8.384637243860646461e-01,5.000000000000000278e-02
1.300000000000000000e+01,2.100000000000000000e+01,3.333333333333333148e-01,7.808302612274667931e-01,5.000000000000000278e-02
1.300000000000000000e+01,2.200000000000000000e+01,3.492063492063491870e-01,6.825964749371450369e-01,5.000000000000000278e-02
1.300000000000000000e+01,2.300000000000000000e+01,3.650793650793650591e-01,6.239329285851363815e-01,5.000000000000000278e-02
1.300000000000000000e+01,2.400000000000000000e+01,3.809523809523809312e-01,6.125128393215503175e-01,5.000000000000000278e-02
1.300000000000000000e+01,2.500000000000000000e+01,3.968253968253968034e-01,4.753823187375646464e-01,5.000000000000000278e-02
1.300000000000000000e+01,2.600000000000000000e+01,4.126984126984126755e-01,4.318019038420461420e-01,5.000000000000000278e-02
1.300000000000000000e+01,2.700000000000000000e+01,4.285714285714285476e-01,2.885529536428089736e-01,5.000000000000000278e-02
1.300000000000000000e+01,2.800000000000000000e+01,4.444444444444444198e-01,2.860122369527454689e-01,5.000000000000000278e-02
1.300000000000000000e+01,2.900000000000000000e+01,4.603174603174602919e-01,1.548490001889714363e-01,5.000000000000000278e-02
1.300000000000000000e+01,3.000000000000000000e+01,4.761904761904761640e-01,1.066096241309715531e-01,5.000000000000000278e-02
1.300000000000000000e+01,3.100000000000000000e+01,4.920634920634920362e-01,1.743405446999872488e-01,5.000000000000000278e-02
1.300000000000000000e+01,3.200000000000000000e+01,5.079365079365079083e-01,4.429587554305641772e-03,5.000000000000000278e-02
1.300000000000000000e+01,3.300000000000000000e+01,5.238095238095237249e-01,-9.663712623217377007e-02,5.000000000000000278e-02
1.300000000000000000e+01,3.400000000000000000e+01,5.396825396825396526e-01,-1.364381552322176949e-01,5.000000000000000278e-02
1.300000000000000000e+01,3.500000000000000000e+01,5.555555555555555802e-01,-2.283005786572215312e-01,5.000000000000000278e-02
1.300000000000000000e+01,3.600000000000000000e+01,5.714285714285713969e-01,-2.154399895736504866e-01,5.000000000000000278e-02
1.300000000000000000e+01,3.700000000000000000e+01,5.873015873015872135e-01,-3.104035914046494593e-01,5.000000000000000278e-02
1.300000000000000000e+01,3.800000000000000000e+01,6.031746031746031411e-01,-3.600177314458545830e-01,5.000000000000000278e-02
1.300000000000000000e+01,3.900000000000000000e+01,6.190476190476190688e-01,-4.117745408850402300e-01,5.000000000000000278e-02
1.300000000000000000e+01,4.000000000000000000e+01,6.349206349206348854e-01,-4.628796559308963054e-01,5.000000000000000278e-02
1.300000000000000000e+01,4.100000000000000000e+01,6.507936507936507020e-01,-6.359599185880564498e-01,5.000000000000000278e-02
1.300000000000000000e+01,4.200000000000000000e+01,6.666666666666666297e-01,-6.274256769382786647e-01,5.000000000000000278e-02
1.300000000000000000e+01,4.300000000000000000e+01,6.825396825396825573e-01,-7.772467392064381642e-01,5.000000000000000278e-02
1.300000000000000000e+01,4.400000000000000000e+01,6.984126984126983739e-01,-8.052037210485448737e-01,5.000000000000000278e-02
1.300000000000000000e+01,4.500000000000000000e+01,7.142857142857141906e-01,-8.285003762054397036e-01,5.000000000000000278e-02
1.300000000000000000e+01,4.600000000000000000e+01,7.301587301587301182e-01,-8.539139643900275356e-01,5.000000000000000278e-02
1.300000000000000000e+01,4.700000000000000000e+01,7.460317460317460458e-01,-8.117207469276195297e-01,5.000000000000000278e-02
1.300000000000000000e+01,4.800000000000000000e+01,7.619047619047618625e-01,-7.871560086921889354e-01,5.000000000000000278e-02
1.300000000000000000e+01,4.900000000000000000e+01,7.777777777777776791e-01,-7.181730567192151637e-01,5.000000000000000278e-02
1.300000000000000000e+01,5.000000000000000000e+01,7.936507936507936067e-01,-6.338203937061261950e-01,5.000000000000000278e-02
1.300000000000000000e+01,5.100000000000000000e+01,8.095238095238095344e-01,-5.935365891777925063e-01,5.000000000000000278e-02
1.300000000000000000e+01,5.200000000000000000e+01,8.253968253968253510e-01,-5.478830716424508696e-01,5.000000000000000278e-02
1.300000000000000000e+01,5.300000000000000000e+01,8.412698412698411676e-01,-4.977057725282610923e-01,5.000000000000000278e-02
1.300000000000000000e+01,5.400000000000000000e+01,8.571428571428570953e-01,-5.650419785818924234e-01,5.000000000000000278e-02
1.300000000000000000e+01,5.500000000000000000e+01,8.730158730158730229e-01,-5.059865794164184472e-01,5.000000000000000278e-02
1.300000000000000000e+01,5.600000000000000000e+01,8.888888888888888395e-01,-3.907151368237668509e-01,5.000000000000000278e-02
1.300000000000000000e+01,5.700000000000000000e+01,9.047619047619046562e-01,-3.448920416129557243e-01,5.000000000000000278e-02
1.300000000000000000e+01,5.800000000000000000e+01,9.206349206349205838e-01,-2.886766089095990084e-01,5.000000000000000278e-02
1.300000000000000000e+01,5.900000000000000000e+01,9.365079365079365115e-01,-2.176991161780947037e-01,5.000000000000000278e-02
1.300000000000000000e+01,6.000000000000000000e+01,9.523809523809523281e-01,-1.636563231594417578e-01,5.000000000000000278e-02
1.300000000000000000e+01,6.100000000000000000e+01,9.682539682539681447e-01,-1.760345082984367260e-01,5.000000000000000278e-02
1.300000000000000000e+01,6.200000000000000000e+01,9.841269841269840724e-01,-1.152412085062949482e-01,5.000000000000000278e-02
1.300000000000000000e+01,6.300000000000000000e+01,1.000000000000000000e+00,1.444583327134459604e-02,5.000000000000000278e-02
1.400000000000000000e+01,0.000000000000000000e+00,0.000000000000000000e+00,-2.588009289224133674e-02,5.999999999999999778e-02
1.400000000000000000e+01,1.000000000000000000e+00,1.587301587301587213e-02,-7.900423686804743106e-02,5.999999999999999778e-02
1.400000000000000000e+01,2.000000000000000000e+00,3.174603174603174427e-02,4.144100079963752847e-02,5.999999999999999778e-02
1.400000000000000000e+01,3.000000000000000000e+00,4.761904761904761640e-02,1.385752379569719084e-01,5.999999999999999778e-02
1.400000000000000000e+01,4.000000000000000000e+00,6.349206349206348854e-02,2.081554402306603491e-01,5.999999999999999778e-02
1.400000000000000000e+01,5.000000000000000000e+00,7.936507936507936067e-02,2.853012723599214207e-01,5.999999999999999778e-02
1.400000000000000000e+01,6.000000000000000000e+00,9.523809523809523281e-02,3.545561893737111392e-01,5.999999999999999778e-02
1.400000000000000000e+01,7.000000000000000000e+00,1.111111111111111049e-01,3.807431547350652035e-01,5.999999999999999778e-02
1.400000000000000000e+01,8.000000000000000000e+00,1.269841269841269771e-01,3.820370728340198307e-01,5.999999999999999778e-02
1.400000000000000000e+01,9.000000000000000000e+00,1.428571428571428492e-01,4.879338694835085866e-01,5.999999999999999778e-02
1.400000000000000000e+01,1.000000000000000000e+01,1.587301587301587213e-01,4.714837814757943946e-01,5.999999999999999778e-02
1.400000000000000000e+01,1.100000000000000000e+01,1.746031746031745935e-01,5.769231389549484001e-01,5.999999999999999778e-02
1.400000000000000000e+01,1.200000000000000000e+01,1.904761904761904656e-01,6.057615158849927184e-01,5.999999999999999778e-02
1.400000000000000000e+01,1.300000000000000000e+01,2.063492063492063378e-01,7.493139092929613776e-01,5.999999999999999778e-02
1.400000000000000000e+01,1.400000000000000000e+01,2.222222222222222099e-01,7.434402379459407184e-01,5.999999999999999778e-02
1.400000000000000000e+01,1.500000000000000000e+01,2.380952380952380820e-01,8.356762979448432160e-01,5.999999999999999778e-02
1.400000000000000000e+01,1.600000000000000000e+01,2.539682539682539542e-01,7.860123384962243165e-01,5.999999999999999778e-02
1.400000000000000000e+01,1.700000000000000000e+01,2.698412698412698263e-01,8.995225850568039361e-01,5.999999999999999778e-02
1.400000000000000000e+01,1.800000000000000000e+01,2.857142857142856984e-01,8.628756595568400911e-01,5.999999999999999778e-02
1.400000000000000000e+01,1.900000000000000000e+01,3.015873015873015706e-01,9.069247853957327354e-01,5.999999999999999778e-02
1.400000000000000000e+01,2.000000000000000000e+01,3.174603174603174427e-01,9.099142827292523439e-01,5.999999999999999778e-02
1.400000000000000000e+01,2.100000000000000000e+01,3.333333333333333148e-01,7.765034904224846768e-01,5.999999999999999778e-02
1.400000000000000000e+01,2.200000000000000000e+01,3.492063492063491870e-01,7.881185481747302601e-01,5.999999999999999778e-02
1.400000000000000000e+01,2.300000000000000000e+01,3.650793650793650591e-01,7.078776077695040359e-01,5.999999999999999778e-02
1.400000000000000000e+01,2.400000000000000000e+01,3.809523809523809312e-01,5.815078938230154870e-01,5.999999999999999778e-02
1.400000000000000000e+01,2.500000000000000000e+01,3.968253968253968034e-01,5.227172248278387778e-01,5.999999999999999778e-02
1.400000000000000000e+01,2.600000000000000000e+01,4.126984126984126755e-01,2.663753619444789167e-01,5.999999999999999778e-02
1.400000000000000000e+01,2.700000000000000000e+01,4.285714285714285476e-01,2.540587048638648371e-01,5.999999999999999778e-02
1.400000000000000000e+01,2.800000000000000000e+01,4.444444444444444198e-01,2.063662367791319896e-01,5.999999999999999778e-02
1.400000000000000000e+01,2.900000000000000000e+01,4.603174603174602919e-01,1.240899188326598929e-01,5.999999999999999778e-02
1.400000000000000000e+01,3.000000000000000000e+01,4.761904761904761640e-01,9.978672927458218100e-02,5.999999999999999778e-02
1.400000000000000000e+01,3.100000000000000000e+01,4.920634920634920362e-01,9.708326455462215621e-02,5.999999999999999778e-02
1.400000000000000000e+01,3.200000000000000000e+01,5.079365079365079083e-01,-1.795829565227470906e-02,5.999999999999999778e-02
1.400000000000000000e+01,3.300000000000000000e+01,5.238095238095237249e-01,-9.765157441770673519e-02,5.999999999999999778e-02
1.400000000000000000e+01,3.400000000000000000e+01,5.396825396825396526e-01,-1.438521095440117581e-01,5.999999999999999778e-02
1.400000000000000000e+01,3.500000000000000000e+01,5.555555555555555802e-01,-1.959979172895750243e-01,5.999999999999999778e-02
1.400000000000000000e+01,3.600000000000000000e+01,5.714285714285713969e-01,-2.092491712626932954e-01,5.999999999999999778e-02
1.400000000000000000e+01,3.700000000000000000e+01,5.873015873015872135e-01,-2.213523254227181547e-01,5.999999999999999778e-02
1.400000000000000000e+01,3.800000000000000000e+01,6.031746031746031411e-01,-3.485842331509926839e-01,5.999999999999999778e-02
1.400000000000000000e+01,3.900000000000000000e+01,6.190476190476190688e-01,-4.177100916017904009e-01,5.999999999999999778e-02
1.400000000000000000e+01,4.000000000000000000e+01,6.349206349206348854e-01,-5.197672197140615902e-01,5.999999999999999778e-02
1.400000000000000000e+01,4.100000000000000000e+01,6.507936507936507020e-01,-5.121558143532501939e-01,5.999999999999999778e-02
1.400000000000000000e+01,4.200000000000000000e+01,6.666666666666666297e-01,-5.811043158318881519e-01,5.999999999999999778e-02
1.400000000000000000e+01,4.300000000000000000e+01,6.825396825396825573e-01,-6.930838688760548871e-01,5.999999999999999778e-02
1.400000000000000000e+01,4.400000000000000000e+01,6.984126984126983739e-01,-7.441980066049939113e-01,5.999999999999999778e-02
1.400000000000000000e+01,4.500000000000000000e+01,7.142857142857141906e-01,-7.702508728402340799e-01,5.999999999999999778e-02
1.400000000000000000e+01,4.600000000000000000e+01,7.301587301587301182e-01,-8.177299154391238778e-01,5.999999999999999778e-02
1.400000000000000000e+01,4.700000000000000000e+01,7.460317460317460458e-01,-8.192971567180464820e-01,5.999999999999999778e-02
1.400000000000000000e+01,4.800000000000000000e+01,7.619047619047618625e-01,-8.151881468807997688e-01,5.999999999999999778e-02
1.400000000000000000e+01,4.900000000000000000e+01,7.777777777777776791e-01,-7.334529925941396522e-01,5.999999999999999778e-02
1.400000000000000000e+01,5.000000000000000000e+01,7.936507936507936067e-01,-8.291173491488679215e-01,5.999999999999999778e-02
1.400000000000000000e+01,5.100000000000000000e+01,8.095238095238095344e-01,-6.705355287809982023e-01,5.999999999999999778e-02
1.400000000000000000e+01,5.200000000000000000e+01,8.253968253968253510e-01,-5.178597743527656450e-01,5.999999999999999778e-02
1.400000000000000000e+01,5.300000000000000000e+01,8.412698412698411676e-01,-5.404374952028768719e-01,5.999999999999999778e-02
1.400000000000000000e+01,5.400000000000000000e+01,8.571428571428570953e-01,-5.169276154099345932e-01,5.999999999999999778e-02
1.400000000000000000e+01,5.500000000000000000e+01,8.730158730158730229e-01,-3.581561802472135736e-01,5.999999999999999778e-02
1.400000000000000000e+01,5.600000000000000000e+01,8.888888888888888395e-01,-3.600032805487796694e-01,5.999999999999999778e-02
1.400000000000000000e+01,5.700000000000000000e+01,9.047619047619046562e-01,-2.801359336005953549e-01,5.999999999999999778e-02
1.400000000000000000e+01,5.800000000000000000e+01,9.206349206349205838e-01,-2.670117230839969547e-01,5.999999999999999778e-02
1.400000000000000000e+01,5.900000000000000000e+01,9.365079365079365115e-01,-1.402619638175948702e-01,5.999999999999999778e-02
1.400000000000000000e+01,6.000000000000000000e+01,9.523809523809523281e-01,-1.883080826166545207e-01,5.999999999999999778e-02
1.400000000000000000e+01,6.100000000000000000e+01,9.682539682539681447e-01,-1.508778675243208633e-01,5.999999999999999778e-02
1.400000000000000000e+01,6.200000000000000000e+01,9.841269841269840724e-01,-6.289607018416290551e-02,5.999999999999999778e-02
1.400000000000000000e+01,6.300000000000000000e+01,1.000000000000000000e+00,-8.188449921918466989e-02,5.999999999999999778e-02
1.500000000000000000e+01,0.000000000000000000e+00,0.000000000000000000e+00,-1.790797159172834857e-02,7.000000000000000666e-02
1.500000000000000000e+01,1.000000000000000000e+00,1.587301587301587213e-02,1.100894924672802741e-02,7.000000000000000666e-02
1.500000000000000000e+01,2.000000000000000000e+00,3.174603174603174427e-02,1.612784323017033006e-01,7.000000000000000666e-02
1.500000000000000000e+01,3.000000000000000000e+00,4.761904761904761640e-02,1.968821838329629093e-01,7.000000000000000666e-02
1.500000000000000000e+01,4.000000000000000000e+00,6.349206349206348854e-02,2.214683080223829870e-01,7.000000000000000666e-02
1.500000000000000000e+01,5.000000000000000000e+00,7.936507936507936067e-02,2.734030348110593756e-01,7.000000000000000666e-02
1.500000000000000000e+01,6.000000000000000000e+00,9.523809523809523281e-02,3.405074439067064529e-01,7.000000000000000666e-02
1.500000000000000000e+01,7.000000000000000000e+00,1.111111111111111049e-01,4.114360341707325452e-01,7.000000000000000666e-02
1.500000000000000000e+01,8.000000000000000000e+00,1.269841269841269771e-01,4.488004324748083307e-01,7.000000000000000666e-02
1.500000000000000000e+01,9.000000000000000000e+00,1.428571428571428492e-01,4.060673409007855006e-01,7.000000000000000666e-02
1.500000000000000000e+01,1.000000000000000000e+01,1.587301587301587213e-01,4.538011426923478919e-01,7.000000000000000666e-02
1.500000000000000000e+01,1.100000000000000000e+01,1.746031746031745935e-01,6.341756091233941017e-01,7.000000000000000666e-02
1.500000000000000000e+01,1.200000000000000000e+01,1.904761904761904656e-01,5.989603108127086184e-01,7.000000000000000666e-02
1.500000000000000000e+01,1.300000000000000000e+01,2.063492063492063378e-01,5.847601100168208221e-01,7.000000000000000666e-02
1.500000000000000000e+01,1.400000000000000000e+01,2.222222222222222099e-01,7.151012952634895337e-01,7.000000000000000666e-02
1.500000000000000000e+01,1.500000000000000000e+01,2.380952380952380820e-01,8.221000458781564380e-01,7.000000000000000666e-02
1.500000000000000000e+01,1.600000000000000000e+01,2.539682539682539542e-01,8.151727027702450057e-01,7.000000000000000666e-02
1.500000000000000000e+01,1.700000000000000000e+01,2.698412698412698263e-01,8.353370848028435214e-01,7.000000000000000666e-02
1.500000000000000000e+01,1.800000000000000000e+01,2.857142857142856984e-01,9.462394581969866270e-01,7.000000000000000666e-02
1.500000000000000000e+01,1.900000000000000000e+01,3.015873015873015706e-01,9.622195645614812776e-01,7.000000000000000666e-02
1.500000000000000000e+01,2.000000000000000000e+01,3.174603174603174427e-01,9.071347124447668442e-01,7.000000000000000666e-02
1.500000000000000000e+01,2.100000000000000000e+01,3.333333333333333148e-01,8.580722563010377835e-01,7.000000000000000666e-02
1.500000000000000000e+01,2.200000000000000000e+01,3.492063492063491870e-01,6.415246985361968690e-01,7.000000000000000666e-02
1.500000000000000000e+01,2.300000000000000000e+01,3.650793650793650591e-01,6.303035526189183502e-01,7.000000000000000666e-02
1.500000000000000000e+01,2.400000000000000000e+01,3.809523809523809312e-01,5.259883525039225072e-01,7.000000000000000666e-02
1.500000000000000000e+01,2.500000000000000000e+01,3.968253968253968034e-01,4.154090829853365197e-01,7.000000000000000666e-02
1.500000000000000000e+01,2.600000000000000000e+01,4.126984126984126755e-01,3.780322007751271696e-01,7.000000000000000666e-02
1.500000000000000000e+01,2.700000000000000000e+01,4.285714285714285476e-01,3.668657172499383834e-01,7.000000000000000666e-02
1.500000000000000000e+01,2.800000000000000000e+01,4.444444444444444198e-01,3.300322138493028690e-01,7.000000000000000666e-02
1.500000000000000000e+01,2.900000000000000000e+01,4.603174603174602919e-01,2.721747143152979387e-01,7.000000000000000666e-02
1.500000000000000000e+01,3.000000000000000000e+01,4.761904761904761640e-01,1.700186432895693378e-01,7.000000000000000666e-02
1.500000000000000000e+01,3.100000000000000000e+01,4.920634920634920362e-01,2.488317533431461809e-02,7.000000000000000666e-02
1.500000000000000000e+01,3.200000000000000000e+01,5.079365079365079083e-01,-6.334411205726663864e-03,7.000000000000000666e-02
1.500000000000000000e+01,3.300000000000000000e+01,5.238095238095237249e-01,-3.968495500686045063e-02,7.000000000000000666e-02
1.500000000000000000e+01,3.400000000000000000e+01,5.396825396825396526e-01,-1.286442205832728225e-01,7.000000000000000666e-02
1.500000000000000000e+01,3.500000000000000000e+01,5.555555555555555802e-01,-1.961675397225203787e-01,7.000000000000000666e-02
1.500000000000000000e+01,3.600000000000000000e+01,5.714285714285713969e-01,-2.237371451855910132e-01,7.000000000000000666e-02
1.500000000000000000e+01,3.700000000000000000e+01,5.873015873015872135e-01,-2.863973066208845841e-01,7.000000000000000666e-02
1.500000000000000000e+01,3.800000000000000000e+01,6.031746031746031411e-01,-3.902191974983068579e-01,7.000000000000000666e-02
1.500000000000000000e+01,3.900000000000000000e+01,6.190476190476190688e-01,-4.683770710450174679e-01,7.000000000000000666e-02
1.500000000000000000e+01,4.000000000000000000e+01,6.349206349206348854e-01,-4.993372032941118532e-01,7.000000000000000666e-02
1.500000000000000000e+01,4.100000000000000000e+01,6.507936507936507020e-01,-5.135723188562629771e-01,7.000000000000000666e-02
1.500000000000000000e+01,4.200000000000000000e+01,6.666666666666666297e-01,-6.328529037529204704e-01,7.000000000000000666e-02
1.500000000000000000e+01,4.300000000000000000e+01,6.825396825396825573e-01,-6.943308086805930479e-01,7.000000000000000666e-02
1.500000000000000000e+01,4.400000000000000000e+01,6.984126984126983739e-01,-7.435885497909253683e-01,7.000000000000000666e-02
1.500000000000000000e+01,4.500000000000000000e+01,7.142857142857141906e-01,-8.332414112271332440e-01,7.000000000000000666e-02
1.500000000000000000e+01,4.600000000000000000e+01,7.301587301587301182e-01,-8.099775273219018690e-01,7.000000000000000666e-02
1.500000000000000000e+01,4.700000000000000000e+01,7.460317460317460458e-01,-7.641245930868387770e-01,7.000000000000000666e-02
1.500000000000000000e+01,4.800000000000000000e+01,7.619047619047618625e-01,-7.728437827197571774e-01,7.000000000000000666e-02
1.500000000000000000e+01,4.900000000000000000e+01,7.777777777777776791e-01,-7.146642945622958543e-01,7.000000000000000666e-02
1.500000000000000000e+01,5.000000000000000000e+01,7.936507936507936067e-01,-5.654687178695521066e-01,7.000000000000000666e-02
1.500000000000000000e+01,5.100000000000000000e+01,8.095238095238095344e-01,-6.325754562687158078e-01,7.000000000000000666e-02
1.500000000000000000e+01,5.200000000000000000e+01,8.253968253968253510e-01,-6.592148705777678419e-01,7.000000000000000666e-02
1.500000000000000000e+01,5.300000000000000000e+01,8.412698412698411676e-01,-5.834167420794187375e-01,7.000000000000000666e-02
1.500000000000000000e+01,5.400000000000000000e+01,8.571428571428570953e-01,-5.419750994769714225e-01,7.000000000000000666e-02
1.500000000000000000e+01,5.500000000000000000e+01,8.730158730158730229e-01,-4.437362021120398459e-01,7.000000000000000666e-02
1.500000000000000000e+01,5.600000000000000000e+01,8.888888888888888395e-01,-3.968283859846435946e-01,7.000000000000000666e-02
1.500000000000000000e+01,5.700000000000000000e+01,9.047619047619046562e-01,-3.592013659520731372e-01,7.000000000000000666e-02
1.500000000000000000e+01,5.800000000000000000e+01,9.206349206349205838e-01,-2.782179336132639680e-01,7.000000000000000666e-02
1.500000000000000000e+01,5.900000000000000000e+01,9.365079365079365115e-01,-1.968176995918405336e-01,7.000000000000000666e-02
1.500000000000000000e+01,6.000000000000000000e+01,9.523809523809523281e-01,-1.533304846970616198e-01,7.000000000000000666e-02
1.500000000000000000e+01,6.100000000000000000e+01,9.682539682539681447e-01,-9.541515134545504317e-02,7.000000000000000666e-02
1.500000000000000000e+01,6.200000000000000000e+01,9.841269841269840724e-01,-2.965538290521856080e-02,7.000000000000000666e-02
1.500000000000000000e+01,6.300000000000000000e+01,1.000000000000000000e+00,4.312942667306592787e-02,7.000000000000000666e-02
